date,h01,h02,h03,h04,h05,h06,h07,h08,h09,h10,h11,h12,h13,h14,h15,h16,h17,h18,h19,h20,h21,h22,h23,h24
2017-01-01,53.30,52.00,51.00,47.27,45.49,45.69,48.07,45.67,45.48,42.06,46.86,48.02,49.57,48.69,46.91,49.43,50.94,54.26,60.95,63.42,58.42,57.27,54.35,52.50
2017-01-02,53.00,50.18,49.11,48.15,48.41,48.15,52.00,60.30,65.09,62.67,61.17,58.26,54.71,55.01,59.10,58.40,61.23,74.09,78.01,77.26,71.28,61.61,56.25,52.23
2017-01-03,50.56,47.09,44.43,44.70,44.82,46.13,52.99,58.09,59.57,58.60,57.91,58.46,54.88,54.67,57.43,60.54,62.69,67.01,63.57,60.40,61.94,61.42,58.97,54.95
2017-01-04,58.33,54.97,53.72,52.00,51.36,53.02,59.22,63.60,66.04,65.72,65.07,64.27,60.34,61.96,62.16,61.52,63.69,66.71,71.09,67.08,65.97,62.42,58.12,53.54
2017-01-05,44.93,41.98,43.04,41.44,38.12,42.26,49.36,59.98,60.85,61.49,60.83,57.21,52.91,51.79,54.67,56.97,61.14,68.40,66.57,63.22,59.40,57.82,57.08,53.23
2017-01-06,50.86,48.08,46.71,44.00,43.11,44.19,48.09,52.82,51.51,51.80,52.54,51.00,52.06,48.23,52.82,53.23,57.61,64.50,69.34,70.15,69.15,66.49,59.31,58.43
2017-01-07,50.53,47.64,47.13,47.66,45.54,47.01,48.95,55.10,57.52,61.00,59.00,59.19,51.21,53.77,52.20,53.16,58.23,68.24,75.39,78.41,68.10,59.29,59.13,57.97
2017-01-08,53.56,51.82,51.25,49.97,47.99,48.00,49.69,50.13,51.50,54.00,55.00,55.12,54.55,55.11,54.00,53.00,54.33,61.32,71.54,76.21,74.09,69.65,61.95,56.34
2017-01-09,53.96,51.79,49.92,45.75,45.02,51.37,60.03,68.22,78.84,71.79,70.63,68.30,66.68,67.95,67.91,71.53,72.27,79.70,84.34,80.85,78.05,65.45,62.32,59.98
2017-01-10,59.94,59.60,59.09,57.99,59.10,59.84,64.51,83.60,95.00,107.55,101.92,87.63,82.06,80.00,86.09,90.00,98.00,120.00,109.04,98.32,92.66,91.58,71.01,66.98
2017-01-11,66.46,64.79,62.05,58.21,58.60,62.29,74.02,90.70,96.88,93.10,82.57,78.83,77.83,76.18,77.63,77.73,80.00,83.65,95.76,88.71,85.52,78.64,78.88,72.60
2017-01-12,75.88,76.60,72.66,71.58,71.10,71.88,76.76,83.83,96.43,100.00,98.36,86.92,80.31,78.30,82.69,83.77,86.89,100.00,96.88,87.84,82.54,79.42,73.24,67.13
2017-01-13,66.01,59.93,54.42,51.17,49.05,58.80,76.03,84.80,89.02,93.86,91.12,94.17,83.96,85.44,83.19,84.00,83.85,93.18,93.76,86.77,81.02,74.08,72.66,69.34
2017-01-14,62.38,56.42,52.91,49.89,46.42,48.45,54.16,58.57,66.62,68.39,65.45,63.23,62.20,57.86,56.85,58.29,60.48,72.89,85.97,82.56,77.14,67.68,69.32,65.42
2017-01-15,61.73,54.80,53.00,51.59,50.00,50.00,51.00,52.19,55.16,62.47,64.32,65.31,68.58,62.38,57.83,57.06,56.78,69.47,85.12,80.37,77.82,74.90,68.39,64.00
2017-01-16,55.85,51.38,48.01,41.89,40.98,48.98,64.73,88.46,103.07,102.04,95.83,95.08,90.01,89.63,94.94,95.73,95.98,104.26,113.55,102.84,89.80,77.65,73.67,72.02
2017-01-17,68.81,63.95,65.39,55.98,55.63,64.12,81.21,104.56,120.00,120.00,112.18,107.61,97.77,90.74,95.53,98.70,102.94,120.00,139.83,114.36,97.54,83.75,79.95,80.83
2017-01-18,71.77,62.44,57.78,54.14,52.07,60.40,79.67,100.74,102.54,101.31,94.91,85.34,82.78,79.49,79.46,85.73,81.20,97.96,109.49,100.50,84.17,81.16,80.81,77.32
2017-01-19,70.77,66.12,63.58,59.76,58.71,64.72,78.67,88.70,100.62,101.16,107.89,92.48,80.66,80.65,82.57,80.61,85.76,86.34,110.00,97.41,86.12,85.20,80.42,73.37
2017-01-20,72.38,71.51,68.53,65.65,61.01,73.79,87.63,99.57,120.00,102.61,98.22,89.58,81.91,81.43,82.42,86.02,85.48,87.40,99.82,95.70,83.69,80.34,79.80,79.46
2017-01-21,74.08,66.42,62.35,60.97,59.82,60.29,60.53,63.92,70.95,79.22,73.74,69.34,60.15,52.84,53.53,60.28,59.79,67.10,77.71,78.36,64.74,61.34,58.95,56.14
2017-01-22,69.92,65.11,60.52,58.44,56.56,56.44,57.80,58.15,59.00,63.65,65.60,67.15,67.12,63.46,58.13,56.54,58.24,64.22,79.78,85.70,85.43,76.33,73.18,69.07
2017-01-23,60.21,60.31,58.42,57.62,55.78,59.22,71.65,100.03,120.00,115.75,110.00,99.53,92.18,83.50,82.81,92.17,96.32,105.06,125.37,110.96,99.57,82.93,76.34,72.69
2017-01-24,72.39,69.94,65.77,62.54,62.47,69.01,84.05,134.30,162.41,134.85,128.34,111.92,101.25,98.04,96.94,106.54,110.98,120.00,133.91,120.00,108.19,85.27,78.54,75.56
2017-01-25,78.93,72.41,70.15,68.30,65.20,68.98,89.21,120.00,161.83,145.14,120.00,105.80,102.92,99.43,100.22,105.24,109.65,112.75,152.88,132.14,107.45,84.82,83.08,80.99
2017-01-26,83.79,76.42,75.08,71.82,70.43,75.57,92.10,124.30,137.64,127.50,100.00,95.32,83.87,76.77,84.77,97.62,106.92,120.00,126.93,114.91,98.07,78.11,77.48,74.24
2017-01-27,70.63,64.13,60.55,58.07,58.32,60.62,67.40,89.14,97.86,85.31,79.27,76.81,73.31,69.25,69.90,69.25,72.08,78.55,87.42,84.96,79.69,67.61,65.56,62.67
2017-01-28,58.16,56.36,54.00,53.00,53.00,53.82,55.00,59.59,59.91,62.01,64.98,62.22,61.51,56.93,54.43,54.73,58.97,65.55,79.31,80.93,73.52,61.98,62.18,61.25
2017-01-29,57.93,54.80,52.72,47.51,45.60,45.99,50.00,51.88,53.93,60.26,64.69,64.72,66.21,54.51,52.79,52.77,54.53,63.08,77.05,80.34,77.10,71.10,67.02,57.49
2017-01-30,52.72,50.00,47.49,47.70,47.09,51.41,61.09,81.45,94.81,92.34,79.98,75.00,71.58,65.91,72.66,75.40,85.00,110.00,120.00,103.97,94.81,78.13,72.73,74.19
2017-01-31,61.32,55.00,53.30,52.00,52.00,54.00,70.20,86.66,100.67,90.34,87.52,87.31,79.71,79.29,86.51,86.20,86.62,93.11,102.95,90.17,84.28,62.67,60.55,57.42
2017-02-01,55.00,54.99,51.81,51.10,50.00,53.00,61.10,77.70,94.03,100.11,99.23,94.49,73.66,72.67,79.34,84.29,95.21,83.65,96.16,86.51,74.99,67.43,61.87,55.95
2017-02-02,53.00,51.00,51.00,50.33,51.00,52.00,62.13,72.11,85.58,76.69,73.08,72.81,61.86,60.80,67.88,69.47,70.17,73.57,77.45,75.79,68.81,63.03,58.83,54.01
2017-02-03,50.00,48.31,47.00,47.23,47.99,49.52,60.74,76.22,95.88,81.82,78.94,74.13,62.19,61.40,63.02,63.99,63.51,68.23,74.09,69.63,62.91,58.69,54.60,51.38
2017-02-04,53.42,46.78,43.89,42.49,43.50,44.92,47.77,51.00,56.91,58.69,55.59,53.58,46.28,45.49,44.81,47.38,51.00,56.75,66.89,63.65,57.88,52.81,50.00,45.70
2017-02-05,49.14,44.86,37.92,36.65,36.36,37.50,43.00,47.83,47.12,49.27,52.65,53.89,53.18,47.49,44.77,49.38,51.00,54.95,65.07,62.78,58.00,54.95,51.00,48.89
2017-02-06,43.31,41.40,38.27,35.10,36.30,42.49,55.98,74.95,88.93,91.76,90.98,91.46,73.78,71.54,79.15,74.54,75.03,74.40,86.37,77.29,73.66,60.69,57.15,53.30
2017-02-07,51.00,48.65,45.11,44.86,43.99,48.25,53.79,64.90,69.11,69.90,67.32,67.82,60.75,59.15,61.38,63.11,64.98,69.71,80.30,79.76,69.12,61.64,59.20,55.38
2017-02-08,51.31,47.57,44.92,42.74,42.30,46.00,54.69,69.92,74.55,72.87,72.56,67.44,65.36,63.13,64.07,67.44,67.52,73.85,88.18,84.05,73.23,63.30,59.44,56.33
2017-02-09,51.83,49.04,48.08,44.92,45.77,49.73,55.02,74.14,78.87,72.79,69.77,65.43,61.31,60.31,60.04,61.67,61.97,67.46,78.76,77.74,70.69,60.65,58.32,54.22
2017-02-10,53.11,51.17,50.23,49.11,46.18,50.00,59.84,68.89,76.67,75.67,72.40,69.31,65.53,64.23,65.63,65.67,68.60,73.69,86.34,80.80,75.16,69.09,64.10,61.37
2017-02-11,61.68,53.96,51.86,50.00,48.99,49.35,50.62,52.59,56.80,61.43,60.34,58.07,56.67,52.15,50.90,50.69,51.73,58.20,70.87,69.10,64.49,56.49,53.32,51.38
2017-02-12,51.30,45.66,42.99,42.07,41.45,40.76,43.32,44.57,45.85,50.96,54.34,54.90,51.69,48.23,45.80,50.13,51.66,54.76,65.83,69.57,63.80,54.60,51.80,47.10
2017-02-13,45.12,39.58,39.24,38.40,37.00,39.25,49.50,56.70,65.74,61.59,59.77,59.40,56.80,57.23,57.46,58.26,61.60,65.00,69.80,69.61,62.67,54.91,52.65,50.57
2017-02-14,47.63,42.11,40.52,39.25,39.31,41.63,50.97,59.18,62.19,60.45,58.24,56.08,53.92,51.80,55.76,56.43,60.04,62.69,67.98,69.38,62.97,54.36,52.41,49.58
2017-02-15,44.53,40.50,39.99,39.99,39.77,40.50,50.00,58.30,59.44,57.48,55.10,53.98,50.40,48.50,50.90,54.38,57.31,59.31,66.10,67.45,61.07,54.73,51.54,51.00
2017-02-16,49.98,46.50,45.32,45.00,45.00,45.85,52.00,61.87,63.15,59.64,57.58,55.91,53.20,52.22,52.87,53.19,55.36,59.65,67.15,70.94,65.64,58.62,54.40,54.20
2017-02-17,48.23,48.08,45.00,39.71,39.32,45.14,52.58,58.74,62.35,61.18,57.02,56.18,53.77,52.78,50.57,52.84,54.19,56.29,63.72,64.71,62.14,55.49,51.03,49.56
2017-02-18,47.42,47.21,43.56,40.77,40.00,41.01,44.49,47.36,48.71,50.00,49.85,48.10,46.65,44.49,42.49,42.93,48.53,51.92,61.64,62.80,58.32,53.81,51.32,49.88
2017-02-19,49.20,48.18,43.69,40.20,38.60,40.00,44.00,44.27,46.20,48.18,48.51,46.94,46.07,42.99,42.99,48.18,50.57,56.88,64.03,68.66,64.50,56.45,57.33,52.15
2017-02-20,46.27,43.19,41.86,41.21,44.78,48.56,60.59,68.70,77.25,69.50,61.69,59.69,56.41,54.98,57.90,61.69,67.43,81.00,96.01,91.54,80.74,91.54,66.90,52.51
2017-02-21,49.17,48.96,46.65,45.66,43.40,49.16,51.00,58.04,62.04,56.58,55.35,55.30,52.36,51.73,51.41,52.20,55.40,57.07,61.16,62.36,57.19,53.69,50.09,48.68
2017-02-22,44.05,41.19,38.88,38.32,38.02,39.99,49.37,54.48,55.78,54.12,50.76,50.22,47.62,46.78,47.29,48.77,53.92,54.92,60.01,61.00,57.54,53.57,49.99,48.90
2017-02-23,45.50,42.00,40.34,39.32,40.21,45.63,49.80,56.65,58.20,55.60,54.07,53.67,49.41,48.71,50.35,53.12,53.84,56.16,60.07,60.76,57.20,53.76,48.67,45.86
2017-02-24,41.37,38.90,38.02,37.42,37.29,39.59,48.42,54.38,57.03,57.66,57.23,55.30,54.23,52.57,51.59,51.28,53.02,53.28,57.75,58.22,53.90,49.52,48.12,46.75
2017-02-25,51.36,48.62,44.50,43.40,41.50,42.82,47.77,50.69,53.02,52.09,49.85,48.61,45.08,42.59,41.94,43.07,48.22,53.31,57.51,59.88,55.80,53.12,49.66,48.49
2017-02-26,47.46,42.53,41.85,39.37,38.72,39.99,40.75,41.51,42.96,47.52,49.64,49.62,49.19,46.40,47.44,47.93,50.41,52.64,56.10,56.86,55.90,53.48,52.28,46.98
2017-02-27,43.51,40.18,39.20,36.79,36.17,42.50,50.50,55.15,59.67,57.15,54.07,53.03,51.25,52.07,53.75,54.81,57.01,57.81,61.43,60.62,57.35,55.50,51.47,48.70
2017-02-28,44.69,42.60,40.58,39.02,40.00,43.15,48.28,52.69,55.96,54.82,52.50,51.25,47.34,46.04,49.47,51.07,53.72,54.27,56.23,55.88,53.92,50.38,47.88,43.50
2017-03-01,43.36,37.04,32.63,29.99,30.68,38.23,47.17,52.00,52.79,50.89,49.43,48.32,46.21,46.11,46.11,48.19,52.71,54.20,60.23,60.33,57.20,54.56,51.06,47.15
2017-03-02,46.63,44.25,44.67,45.18,45.18,46.63,47.20,51.71,54.92,54.54,51.05,49.34,46.47,45.54,45.89,48.10,51.66,53.81,58.95,59.59,57.54,55.39,51.87,48.30
2017-03-03,45.90,42.27,42.02,41.20,42.13,44.05,47.51,51.29,52.61,51.71,50.33,48.93,45.97,45.90,46.38,48.33,51.07,51.92,55.50,55.73,52.28,52.00,47.90,45.15
2017-03-04,44.40,42.17,40.00,39.41,39.90,39.90,40.24,42.69,48.09,50.00,51.46,45.96,40.60,39.03,39.03,40.19,46.00,47.42,55.53,56.60,54.85,50.13,45.05,41.19
2017-03-05,46.27,41.62,39.91,39.90,46.00,47.18,50.00,47.02,50.34,53.00,53.60,49.60,48.49,42.84,44.90,46.58,50.54,53.59,66.46,66.90,58.60,52.67,46.86,41.15
2017-03-06,38.00,29.83,27.99,25.35,27.30,29.85,41.95,49.11,51.75,48.73,46.26,46.06,43.93,43.90,44.24,46.51,48.89,52.18,56.95,57.27,55.40,53.60,47.00,41.79
2017-03-07,35.99,30.01,29.99,29.64,30.60,32.98,42.69,50.61,54.25,54.07,53.14,51.68,49.90,48.23,48.69,51.61,52.05,54.00,57.92,60.85,55.00,53.00,46.84,42.52
2017-03-08,39.12,35.99,34.18,31.38,31.20,36.50,43.50,49.62,51.29,48.15,45.13,42.69,39.72,38.02,40.77,45.68,48.91,51.42,57.72,58.54,55.37,50.08,46.44,41.20
2017-03-09,39.80,36.46,30.37,30.00,30.18,39.72,46.31,47.91,48.50,46.65,44.29,42.00,38.56,37.41,38.76,43.43,47.83,52.11,56.08,57.86,55.56,55.01,52.28,46.59
2017-03-10,45.00,41.89,40.24,40.24,40.24,42.21,48.61,53.00,55.90,47.48,44.14,41.82,38.27,36.82,38.74,39.77,44.66,48.81,56.12,56.98,53.11,48.00,44.00,40.00
2017-03-11,33.02,31.53,30.09,29.56,29.07,30.00,31.77,34.30,34.76,31.53,32.24,25.23,22.38,21.43,24.51,27.51,37.89,46.53,52.00,57.51,55.78,52.11,45.42,39.35
2017-03-12,44.00,37.88,35.00,30.00,36.84,41.58,45.01,45.01,44.18,44.00,46.04,41.20,40.59,38.10,39.13,43.52,50.00,52.37,55.30,57.52,55.76,53.88,47.95,44.16
2017-03-13,42.99,40.65,38.20,38.20,39.00,40.68,50.28,51.58,52.51,51.00,47.47,46.55,40.49,40.39,45.57,46.72,52.04,53.63,56.30,59.15,55.49,54.50,48.03,45.53
2017-03-14,41.15,38.65,37.88,37.50,38.20,40.38,45.01,49.72,50.90,45.82,42.99,41.20,38.53,37.89,40.06,45.14,48.78,53.12,57.23,58.18,55.50,53.62,48.09,42.60
2017-03-15,39.06,36.80,36.00,36.05,36.60,39.73,45.21,50.70,51.16,47.69,44.50,41.20,36.51,35.09,37.20,39.48,45.20,53.11,57.27,58.70,56.47,53.68,47.52,39.65
2017-03-16,39.31,37.70,37.11,36.67,37.01,39.15,43.50,46.01,46.29,41.93,38.71,35.49,33.15,30.93,33.51,37.88,43.50,52.17,56.26,58.69,55.52,53.62,46.92,40.26
2017-03-17,41.17,38.64,36.68,36.33,37.65,42.28,49.19,50.91,51.00,46.15,42.00,39.80,38.20,36.10,39.90,44.01,49.01,54.18,64.72,72.80,59.83,54.24,48.33,44.81
2017-03-18,40.69,39.52,36.54,34.33,35.65,36.50,38.52,39.98,44.01,44.01,40.22,38.38,32.95,29.18,29.80,35.25,40.00,46.83,52.25,52.82,51.65,48.05,41.28,39.34
2017-03-19,39.79,36.54,35.55,34.98,36.23,40.32,38.92,38.42,39.98,39.06,41.04,38.02,36.54,34.28,36.18,36.54,44.00,48.00,51.14,53.74,52.62,51.08,44.22,40.58
2017-03-20,40.72,36.54,35.44,34.94,36.23,37.27,44.69,47.21,49.67,48.33,46.75,45.35,41.51,43.89,47.29,50.43,52.39,62.39,86.77,102.18,69.58,54.35,49.89,45.47
2017-03-21,45.33,40.03,38.14,38.08,38.98,43.62,46.91,50.48,54.66,52.01,50.53,49.93,44.36,45.04,47.01,50.81,50.10,51.30,56.74,58.84,53.29,52.21,47.61,44.02
2017-03-22,39.99,37.07,35.12,34.80,36.98,40.02,45.14,48.73,51.36,50.11,47.58,45.78,40.66,44.39,45.10,51.54,50.42,52.30,59.94,71.98,58.58,52.38,48.93,44.60
2017-03-23,39.03,34.82,32.50,31.87,33.17,36.54,42.00,45.95,49.72,47.61,44.93,43.90,38.94,38.71,40.69,45.53,47.71,49.63,52.91,55.50,51.31,49.40,44.63,41.10
2017-03-24,39.25,36.29,33.38,32.98,34.26,38.48,44.38,50.00,53.26,50.96,48.00,46.10,39.99,38.46,42.69,45.00,47.23,49.09,56.57,65.46,62.53,49.76,44.55,40.30
2017-03-25,44.50,40.66,37.68,35.05,36.77,39.36,40.23,42.47,45.00,45.00,45.00,42.36,37.99,36.68,37.99,42.36,48.00,50.45,53.53,55.98,53.64,50.02,44.58,40.63
2017-03-26,40.92,37.37,36.69,36.00,36.68,39.21,38.15,38.20,40.30,40.82,42.97,39.11,37.24,33.72,32.95,34.93,36.99,39.40,45.41,50.35,50.13,48.71,46.82,41.18
2017-03-27,38.10,32.65,30.98,30.63,31.32,33.32,39.31,48.72,48.84,45.90,42.69,38.10,32.68,30.98,33.98,36.68,38.66,44.39,50.11,52.34,51.69,50.84,46.04,39.91
2017-03-28,34.58,32.53,31.21,30.09,30.39,34.10,44.00,50.99,51.90,49.31,43.89,39.54,36.99,35.16,38.35,39.04,42.00,45.90,52.42,60.44,57.00,52.05,45.89,44.31
2017-03-29,37.82,33.28,30.32,29.93,30.05,37.13,45.11,51.04,55.46,49.76,43.58,40.70,36.99,34.11,33.95,34.30,39.00,44.36,52.45,58.53,56.98,53.17,45.57,39.82
2017-03-30,34.35,31.84,30.74,28.23,29.01,36.68,44.01,49.65,51.90,47.01,40.05,36.18,31.34,29.61,30.12,33.19,36.22,43.57,51.17,56.49,55.98,50.66,44.66,38.64
2017-03-31,34.57,28.48,27.53,26.97,27.06,36.58,44.68,50.72,52.59,49.22,44.19,42.36,35.24,33.00,36.68,37.61,42.40,48.39,52.97,66.58,61.93,52.66,48.47,42.31
2017-04-01,41.09,37.79,34.55,34.88,34.37,34.90,42.40,47.24,50.00,50.00,49.03,44.01,37.68,35.25,36.37,37.00,38.12,43.00,48.00,49.03,50.70,46.35,41.01,40.36
2017-04-02,38.10,36.68,36.10,33.98,34.67,38.10,39.00,42.50,42.53,43.99,44.04,39.37,38.04,32.13,32.11,33.99,35.95,36.37,43.25,44.60,48.35,45.47,42.68,41.20
2017-04-03,37.68,32.26,29.88,28.94,28.96,32.20,42.77,49.35,53.76,50.00,48.51,44.95,38.93,36.68,36.97,42.00,45.50,46.18,50.15,53.32,58.06,54.02,47.80,45.33
2017-04-04,38.10,36.37,34.99,34.99,35.32,39.69,50.97,53.84,66.63,52.99,50.68,49.00,44.50,41.02,45.66,49.00,49.00,49.00,51.95,54.09,61.66,54.17,47.98,43.11
2017-04-05,47.19,44.49,43.48,42.98,42.22,47.06,54.00,55.69,72.11,62.77,56.26,52.61,48.04,44.50,46.34,49.00,49.00,50.00,52.99,58.70,70.09,58.82,51.28,46.08
2017-04-06,39.47,38.63,35.49,33.89,35.69,36.68,46.20,50.93,54.86,50.11,47.93,42.00,39.68,37.58,40.03,42.20,45.50,46.50,50.63,53.92,56.01,53.06,48.43,44.01
2017-04-07,42.45,37.56,37.31,36.68,36.68,37.54,48.09,52.06,53.92,50.65,47.16,46.34,39.42,37.07,36.38,38.99,41.65,46.77,49.24,53.37,53.97,52.31,47.60,41.62
2017-04-08,40.66,38.92,36.07,35.77,34.93,36.39,41.56,49.38,49.58,49.72,45.24,40.13,33.71,30.02,30.03,33.71,37.05,45.18,48.26,52.11,51.80,47.67,45.00,42.78
2017-04-09,45.49,43.59,39.30,38.25,42.46,45.99,45.14,45.00,44.87,42.79,40.00,36.97,33.74,24.96,24.96,29.01,37.05,39.42,44.86,48.90,52.29,49.20,46.03,44.97
2017-04-10,44.61,39.03,37.05,36.74,37.05,37.02,44.86,47.84,50.49,46.39,40.92,38.65,36.74,35.79,36.73,37.05,40.89,44.60,48.32,52.01,54.55,52.55,47.60,41.59
2017-04-11,37.05,34.38,31.05,29.83,30.38,34.38,40.40,48.94,51.66,48.50,43.39,39.95,36.73,34.99,35.83,38.80,40.05,44.60,47.38,53.44,54.73,52.57,46.50,39.39
2017-04-12,40.91,35.25,34.18,34.09,34.10,35.24,46.07,52.91,54.54,52.10,49.59,46.69,39.37,38.42,39.17,43.00,43.00,46.41,49.33,54.20,59.18,53.02,45.86,43.87
2017-04-13,38.61,36.73,32.91,32.09,32.79,36.74,41.04,48.05,51.13,47.18,43.07,38.81,36.00,33.76,34.70,35.16,37.54,39.34,42.90,48.30,53.48,47.75,41.61,37.85
2017-04-14,36.74,36.73,33.43,31.99,31.99,36.73,44.19,47.38,51.13,47.18,43.35,39.61,37.44,33.05,33.14,35.30,37.68,43.34,45.54,50.20,57.14,49.79,43.28,43.60
2017-04-15,38.42,33.24,29.62,29.69,28.48,29.65,33.79,39.81,45.66,45.66,43.81,38.00,35.96,29.98,29.56,32.01,37.50,41.00,50.24,54.52,61.01,57.16,50.51,46.07
2017-04-16,46.95,40.15,39.00,38.51,37.70,37.74,37.77,39.81,39.81,38.73,34.21,30.01,25.02,21.89,18.15,17.57,24.47,33.21,42.00,48.99,55.20,54.27,52.00,44.99
2017-04-17,40.15,39.81,37.76,37.37,36.99,37.74,38.49,38.12,38.00,32.51,29.60,25.00,21.78,19.57,15.93,10.00,19.87,32.36,41.00,52.29,59.35,57.90,54.52,50.73
2017-04-18,50.45,48.47,40.46,40.15,40.15,40.15,49.12,49.12,51.26,46.53,42.95,41.45,38.02,34.80,32.75,34.00,36.93,38.92,42.76,47.57,50.73,47.11,43.02,41.19
2017-04-19,40.53,36.80,33.39,32.20,33.02,38.63,41.51,49.11,52.57,49.24,45.08,41.02,38.16,36.61,39.53,40.84,41.46,41.52,44.21,52.47,54.77,53.49,52.60,42.97
2017-04-20,41.99,37.91,34.64,34.11,35.02,37.04,43.54,50.29,53.66,49.81,46.37,43.26,41.11,37.03,35.92,37.35,37.73,39.59,42.82,49.00,54.50,49.57,47.84,44.17
2017-04-21,42.00,39.00,37.23,37.31,37.79,40.31,44.73,52.85,56.59,53.66,50.58,45.53,43.51,38.13,36.50,37.98,39.81,43.55,50.75,55.40,57.31,56.37,53.68,48.86
2017-04-22,51.56,45.61,40.00,39.81,39.82,40.00,39.82,49.71,54.00,53.71,52.35,40.00,38.13,32.99,32.99,38.02,40.02,46.96,52.54,56.07,56.53,49.38,44.18,41.18
2017-04-23,50.00,40.15,39.82,38.87,39.00,42.50,39.82,39.81,41.21,37.65,38.36,35.36,32.94,26.05,25.90,27.57,35.26,40.71,46.29,50.88,55.73,54.25,48.31,43.67
2017-04-24,41.95,41.01,36.56,35.93,40.96,49.40,55.04,57.80,60.57,56.47,56.39,55.97,53.96,53.93,53.92,54.06,55.96,55.63,57.26,57.33,58.48,57.45,52.82,43.51
2017-04-25,41.91,40.56,36.03,35.28,38.53,41.86,41.99,44.04,45.83,42.98,41.76,39.72,33.08,29.98,28.46,30.00,32.55,38.58,43.09,46.69,48.43,47.23,46.59,43.41
2017-04-26,41.68,37.78,34.70,34.12,35.74,36.67,44.22,53.79,56.59,55.85,54.81,51.01,46.91,45.76,43.78,43.40,44.46,45.53,47.56,49.64,55.45,48.87,47.69,46.15
2017-04-27,39.77,35.42,34.83,32.69,33.51,36.72,42.76,53.33,56.88,55.83,53.79,51.86,47.91,45.74,48.35,50.50,50.69,48.00,48.11,53.22,55.31,54.71,50.69,44.50
2017-04-28,39.81,33.58,31.83,30.92,31.41,34.85,41.31,52.16,55.63,53.07,48.22,44.98,41.90,36.90,36.82,37.89,39.81,42.15,49.57,52.91,55.48,52.69,49.90,47.86
2017-04-29,41.55,39.41,35.70,33.08,32.00,33.23,33.27,39.93,47.23,46.94,44.69,37.66,32.89,29.99,29.03,30.00,33.72,39.81,46.24,54.17,57.58,55.29,52.85,43.03
2017-04-30,50.00,44.69,43.79,40.19,40.22,39.89,38.69,37.92,37.35,37.34,32.71,28.38,25.27,15.00,15.00,19.91,26.33,38.69,48.00,54.54,59.37,58.46,55.59,50.70
2017-05-01,50.00,46.52,42.52,39.94,39.52,39.52,37.46,37.57,38.31,37.38,37.08,37.08,32.89,23.02,22.51,23.00,25.21,37.08,46.23,52.33,54.56,54.54,51.99,49.78
2017-05-02,49.07,46.99,46.53,46.52,47.26,46.99,50.00,53.35,52.78,50.60,49.91,50.00,48.74,48.35,48.68,50.00,50.05,50.71,52.85,53.39,56.49,53.51,53.22,49.76
2017-05-03,47.27,43.31,38.82,38.83,40.40,45.90,49.67,53.19,56.55,55.06,53.35,51.90,49.73,49.51,46.93,49.99,50.00,50.00,53.00,53.49,56.05,53.45,52.53,48.74
2017-05-04,44.30,43.84,41.46,40.27,40.39,41.14,47.21,52.06,54.92,53.27,51.00,50.73,47.32,46.97,46.72,47.90,49.00,49.05,50.20,52.93,53.77,53.42,50.61,47.74
2017-05-05,42.66,41.50,39.92,40.89,41.03,43.35,50.00,52.78,54.02,49.91,47.90,46.38,42.00,40.09,38.23,40.41,43.67,47.03,48.99,51.80,55.39,52.23,49.50,47.82
2017-05-06,44.20,43.31,40.53,39.50,39.38,39.34,39.02,48.62,50.22,49.66,49.00,48.00,42.62,39.09,38.93,42.62,43.21,47.43,48.33,48.28,49.62,45.54,44.00,39.46
2017-05-07,44.03,39.41,36.31,34.32,33.83,36.31,33.31,30.00,28.66,30.06,30.33,30.18,27.94,22.54,22.64,22.59,25.58,36.32,41.79,45.40,53.00,53.41,48.85,48.82
2017-05-08,44.08,38.57,36.62,36.32,38.00,36.43,40.18,49.54,52.34,51.44,50.20,49.32,42.00,41.72,49.57,50.03,50.32,51.02,52.72,55.09,60.10,58.31,53.30,46.65
2017-05-09,35.98,32.58,30.93,32.21,32.45,34.89,43.73,52.28,56.54,49.99,45.10,43.93,40.18,38.35,40.20,41.39,45.01,45.82,48.39,50.32,52.94,51.11,48.05,44.41
2017-05-10,41.73,41.01,37.80,35.98,37.02,40.90,44.30,52.03,57.54,53.37,52.47,47.06,40.18,40.54,45.84,47.01,47.47,49.97,51.72,55.06,72.88,67.54,48.97,46.28
2017-05-11,41.59,37.01,36.34,35.32,35.32,36.98,40.15,49.08,55.65,51.79,49.94,46.27,44.44,45.04,47.80,49.22,48.25,46.99,46.62,48.94,62.62,51.09,46.71,40.12
2017-05-12,39.12,36.32,32.96,32.97,32.97,34.21,39.85,45.15,51.80,48.03,44.64,43.16,38.30,37.46,38.52,41.06,43.00,44.96,44.82,46.84,50.98,49.12,46.60,42.81
2017-05-13,46.96,45.91,40.31,39.50,39.19,39.32,37.18,42.41,46.53,47.62,47.85,42.03,38.85,37.29,37.27,38.58,40.00,42.38,46.51,49.12,51.77,51.49,48.68,47.16
2017-05-14,45.24,41.21,38.83,38.57,37.58,40.21,36.39,37.92,38.23,36.10,33.53,32.25,30.00,26.50,25.61,30.00,36.38,36.38,38.98,45.52,50.15,50.83,47.53,46.08
2017-05-15,40.14,36.95,34.52,32.73,32.72,33.21,37.26,46.16,48.95,45.85,43.80,40.07,36.38,36.38,38.00,39.49,42.00,45.22,47.36,50.40,52.98,52.26,48.17,41.07
2017-05-16,37.37,34.82,31.95,30.00,30.00,30.79,35.95,43.38,47.05,43.68,39.88,37.19,33.04,31.98,34.28,36.86,40.26,42.79,45.22,49.54,53.43,53.89,49.72,42.76
2017-05-17,37.57,31.31,29.41,28.22,28.22,29.46,36.38,46.54,49.69,46.56,40.13,39.69,36.38,33.49,37.50,39.69,45.55,44.82,46.56,52.80,57.32,55.41,49.13,45.86
2017-05-18,39.79,33.56,32.46,32.32,32.91,33.71,41.03,51.83,55.95,54.00,50.37,49.50,44.80,46.55,50.37,51.01,50.37,49.50,50.98,53.30,57.93,57.87,48.37,45.11
2017-05-19,39.70,36.39,33.67,32.00,32.40,32.39,36.39,42.50,50.02,48.67,41.89,40.15,37.60,36.33,36.34,37.26,38.31,40.16,42.10,45.42,49.24,47.90,42.67,37.34
2017-05-20,38.95,35.63,33.45,33.36,33.20,32.77,33.55,38.00,40.40,40.07,40.00,37.82,34.48,30.12,31.32,33.93,34.64,36.69,40.39,43.42,46.43,45.71,40.71,37.97
2017-05-21,40.39,37.13,33.17,31.21,32.18,35.03,35.02,35.02,33.16,29.90,24.99,19.84,20.31,12.10,10.28,11.93,17.48,20.00,28.68,35.03,43.95,47.73,41.82,37.53
2017-05-22,32.96,28.01,26.90,26.01,26.86,27.38,36.13,44.39,49.61,47.37,44.94,43.50,42.28,41.49,45.81,49.88,51.33,51.02,51.93,56.56,71.90,71.88,50.42,47.68
2017-05-23,44.48,40.64,37.98,37.58,37.58,37.68,41.87,51.39,52.51,46.80,44.00,44.00,41.60,39.00,44.00,44.70,46.55,45.09,48.83,52.82,55.53,53.96,49.15,46.83
2017-05-24,48.06,42.04,40.72,39.14,39.11,39.20,44.08,46.28,51.22,46.26,44.49,39.15,37.99,36.70,39.15,41.99,45.12,46.32,52.19,53.38,57.26,57.18,51.80,47.59
2017-05-25,47.48,41.05,39.76,37.48,36.54,36.54,43.28,51.72,55.67,50.78,49.83,47.14,43.10,39.99,45.89,44.40,48.75,47.90,52.12,52.83,55.36,55.28,52.77,48.11
2017-05-26,41.99,36.16,35.46,34.55,35.32,35.55,38.64,50.14,53.31,51.00,45.56,41.03,37.37,37.06,41.92,45.36,48.55,45.02,48.93,52.25,53.34,52.71,50.77,47.79
2017-05-27,39.60,38.64,36.88,35.69,36.45,36.44,36.25,39.46,46.03,46.43,42.63,38.03,35.20,29.85,28.60,34.13,36.15,38.63,45.89,48.46,47.30,47.01,43.08,39.92
2017-05-28,39.19,32.12,30.14,29.30,29.67,30.10,29.67,28.84,29.98,29.98,29.99,28.09,25.00,18.71,16.43,19.19,32.22,36.53,38.96,47.00,45.76,48.94,45.87,40.47
2017-05-29,35.87,32.93,31.07,30.45,30.71,31.17,37.94,44.73,49.22,46.48,41.88,42.43,39.99,39.15,39.99,45.43,45.00,44.85,48.57,50.70,50.36,50.15,49.51,46.98
2017-05-30,43.94,43.14,37.59,36.64,37.60,39.10,48.38,51.25,54.00,52.72,50.34,50.34,48.92,45.94,48.55,49.56,50.08,50.10,51.88,52.51,69.86,68.96,53.16,49.62
2017-05-31,43.59,40.39,34.34,32.01,33.41,36.45,43.03,50.91,52.19,53.67,53.64,51.89,48.63,44.50,46.71,48.92,50.62,50.10,52.60,54.52,69.49,64.70,52.11,50.60
2017-06-01,47.64,43.94,41.63,39.16,38.14,39.76,45.96,50.90,57.25,54.93,53.12,51.93,48.63,50.42,54.49,57.43,59.36,51.95,52.50,53.85,56.95,54.49,51.45,48.88
2017-06-02,46.62,45.00,39.68,39.62,37.74,39.08,36.88,41.61,42.08,40.31,38.67,37.89,37.55,35.08,33.62,36.50,39.26,39.70,44.17,49.97,51.10,51.21,50.72,46.23
2017-06-03,44.27,40.24,38.88,38.82,40.44,41.77,44.58,46.76,48.09,45.76,49.66,48.01,44.00,43.41,39.74,43.41,45.96,47.16,51.33,52.40,51.41,53.75,51.89,49.48
2017-06-04,38.92,38.16,36.27,34.34,34.35,35.95,32.20,32.23,32.25,33.55,35.97,35.95,32.99,29.90,28.01,32.99,39.39,39.39,41.79,46.05,46.73,48.99,47.31,42.94
2017-06-05,38.72,35.40,31.29,30.78,30.73,31.01,40.09,48.79,64.52,56.74,53.98,52.10,46.36,46.82,53.25,54.31,54.38,56.39,56.65,64.04,91.95,94.42,58.41,50.94
2017-06-06,44.42,42.95,42.31,41.94,41.83,40.67,45.99,55.83,57.50,56.20,54.99,54.17,46.35,45.92,48.60,50.77,51.67,50.46,51.44,56.49,52.11,56.66,49.58,46.62
2017-06-07,46.11,41.21,39.45,36.01,35.95,35.97,41.00,48.37,50.07,48.15,43.68,43.06,41.81,41.84,42.93,45.60,47.51,46.82,47.56,51.97,51.50,52.35,49.13,45.59
2017-06-08,39.48,38.96,34.82,33.47,31.00,32.19,36.98,46.74,49.66,49.43,45.76,44.10,39.53,39.09,39.64,43.34,46.67,46.66,48.81,50.79,50.89,52.34,49.57,48.69
2017-06-09,44.00,39.32,37.25,36.18,34.95,36.55,41.22,47.63,48.73,48.44,46.69,46.36,45.18,43.72,46.37,46.97,49.43,48.75,52.29,56.19,59.14,54.45,50.11,49.49
2017-06-10,45.81,43.73,41.69,37.92,37.26,36.71,37.04,42.93,44.93,44.63,44.19,41.84,37.96,31.15,30.57,37.55,42.10,43.93,46.45,49.84,50.38,50.64,49.08,47.59
2017-06-11,47.71,46.56,44.40,40.04,39.92,42.08,40.49,42.10,39.95,38.53,42.72,39.86,39.70,32.28,28.49,35.40,41.98,40.25,43.58,47.26,50.34,51.03,50.28,48.52
2017-06-12,44.84,41.05,36.78,35.26,34.15,36.00,42.94,51.06,55.45,55.32,53.40,52.28,50.75,50.78,52.75,56.28,55.68,55.41,58.65,59.74,61.36,59.96,55.56,54.04
2017-06-13,47.54,45.78,42.94,42.47,42.16,39.41,43.41,48.09,55.55,49.96,47.29,47.14,45.33,45.37,46.31,48.24,50.79,49.50,54.76,58.34,60.63,60.94,54.34,50.24
2017-06-14,49.17,47.65,45.85,44.23,44.99,46.62,48.10,51.32,68.37,59.21,57.26,56.89,52.67,53.70,56.68,57.69,62.70,61.85,63.29,63.00,63.79,66.60,57.67,50.73
2017-06-15,49.80,47.25,46.54,45.29,44.85,44.19,47.89,56.30,70.37,64.20,57.42,56.37,48.24,47.23,52.34,55.41,59.13,58.68,60.32,62.54,61.47,62.31,57.04,52.50
2017-06-16,58.43,47.99,47.13,46.68,46.68,46.68,48.95,61.26,75.00,70.20,62.10,59.17,52.94,49.01,53.00,54.85,55.62,56.53,57.42,60.81,56.77,57.59,53.61,52.36
2017-06-17,63.00,57.05,49.35,47.79,47.10,46.47,46.48,48.27,50.32,49.53,48.65,46.18,44.08,39.26,39.52,41.66,43.61,45.09,48.07,52.46,52.15,52.80,51.08,49.65
2017-06-18,45.67,43.74,40.46,40.48,38.99,39.99,34.60,32.20,25.54,25.00,31.28,27.13,27.35,22.07,20.22,24.48,30.97,31.64,38.67,44.97,48.61,49.74,49.64,45.14
2017-06-19,44.87,41.26,37.96,35.30,32.00,37.82,44.56,47.98,56.23,56.21,51.14,47.77,46.46,46.22,51.41,53.21,57.29,53.91,53.08,58.76,59.04,61.06,58.56,51.27
2017-06-20,54.48,48.62,46.81,46.81,46.74,46.74,48.86,54.45,63.60,67.97,60.01,55.22,49.87,50.17,52.14,57.24,62.48,62.76,63.70,72.13,72.02,71.38,57.75,52.10
2017-06-21,50.41,48.31,47.75,45.08,44.94,45.08,48.13,55.94,68.17,63.42,55.90,53.76,52.04,53.78,59.72,69.52,70.37,72.24,73.74,79.01,72.77,72.08,65.01,56.28
2017-06-22,55.67,50.26,48.89,47.46,46.83,46.81,47.46,56.17,73.44,70.42,65.37,64.90,52.98,54.15,61.75,63.70,66.37,67.50,69.51,78.72,67.41,65.99,56.74,51.74
2017-06-23,55.98,52.68,49.91,49.24,49.21,48.73,49.37,56.41,75.44,72.42,71.31,71.27,67.53,67.43,68.27,67.62,74.27,64.54,64.53,64.96,63.98,63.40,53.58,51.34
2017-06-24,55.19,50.19,47.46,47.34,46.83,46.51,44.00,46.23,49.24,48.67,47.80,46.62,43.97,43.45,43.33,43.68,46.63,48.28,51.90,57.00,57.37,58.25,52.41,49.56
2017-06-25,47.58,44.29,40.37,39.57,41.70,42.18,40.33,40.33,40.33,42.16,46.59,46.36,44.15,40.09,39.30,39.37,42.04,43.81,44.37,47.42,49.30,50.21,49.59,46.11
2017-06-26,46.19,42.76,37.35,34.81,35.84,37.34,43.56,48.70,57.19,54.89,55.24,56.41,54.39,55.33,55.30,54.65,65.31,70.12,59.82,56.97,57.21,57.87,52.36,50.43
2017-06-27,49.63,48.24,46.77,43.98,43.98,42.92,46.78,49.40,55.39,51.06,53.19,49.58,47.43,47.02,49.73,47.67,50.24,55.04,50.49,53.27,56.26,54.31,50.07,48.29
2017-06-28,48.30,44.96,40.87,39.21,39.00,40.00,44.31,47.87,51.85,53.86,53.19,53.55,49.66,47.51,49.83,50.11,51.31,49.09,50.98,50.81,50.28,50.30,48.88,46.80
2017-06-29,45.91,42.65,41.35,39.76,37.50,37.67,41.81,48.86,50.26,49.53,48.29,48.53,45.69,44.85,43.58,44.90,47.67,48.83,50.28,52.42,53.30,52.82,49.18,49.69
2017-06-30,45.68,42.95,40.72,38.17,38.18,37.57,41.77,48.81,53.72,51.47,48.89,47.53,46.73,46.67,47.27,48.92,56.29,50.33,50.67,52.50,51.58,51.63,48.59,48.22
2017-07-01,49.75,49.12,45.84,45.35,46.17,44.25,42.62,46.06,49.39,48.68,45.86,41.16,38.85,37.41,38.05,38.10,41.92,44.19,49.21,54.42,59.62,61.06,56.76,46.60
2017-07-02,44.23,40.53,38.69,38.50,36.63,34.72,29.87,31.85,30.88,33.06,33.45,33.91,32.70,30.42,30.53,30.50,35.71,38.00,39.86,42.39,46.31,46.68,48.36,44.79
2017-07-03,40.46,35.29,32.50,29.85,29.79,30.67,37.44,41.25,44.84,45.07,44.14,42.46,42.86,43.32,44.09,44.20,45.90,44.82,45.00,47.68,48.62,48.62,48.16,46.02
2017-07-04,45.39,41.25,39.72,40.47,39.50,39.30,41.39,47.22,49.33,49.02,48.25,46.87,46.56,46.99,44.89,45.78,46.87,47.50,48.24,52.66,55.47,55.48,50.62,49.55
2017-07-05,48.07,46.33,45.95,45.95,45.00,45.00,46.84,50.01,49.99,52.88,51.85,51.72,49.72,48.18,49.89,48.23,50.13,49.23,49.38,53.42,55.00,52.59,51.41,49.33
2017-07-06,48.08,45.36,41.77,41.74,41.43,42.39,46.03,48.65,49.99,54.67,52.65,52.66,48.56,48.57,48.67,48.04,49.02,48.83,55.15,55.57,55.31,55.29,55.41,53.08
2017-07-07,49.37,48.06,45.20,42.73,42.52,42.70,46.64,49.98,55.01,53.93,49.52,48.59,48.53,46.87,47.73,49.22,52.34,55.33,59.91,64.65,64.51,61.44,58.43,52.16
2017-07-08,55.70,51.05,49.33,48.03,48.03,47.28,47.61,48.87,48.85,48.05,48.02,46.77,45.80,44.47,44.00,45.80,47.05,48.13,56.62,62.53,65.51,67.08,57.59,53.26
2017-07-09,49.57,48.22,44.35,44.14,43.70,43.04,40.44,43.14,42.37,41.44,41.41,40.59,40.64,40.63,40.69,41.60,44.04,46.58,48.89,50.41,54.38,58.84,54.00,50.00
2017-07-10,50.26,46.10,43.17,39.89,39.81,42.23,48.59,51.50,55.40,53.78,54.10,53.40,49.51,48.86,52.00,59.96,59.81,56.78,57.43,60.97,59.47,59.40,53.46,52.15
2017-07-11,50.24,44.56,39.94,39.82,39.87,39.93,43.06,51.23,56.44,60.58,61.46,59.07,50.76,50.23,60.16,63.96,62.65,63.40,68.19,70.97,71.60,71.62,63.66,53.53
2017-07-12,50.94,50.13,44.82,43.21,43.23,43.23,45.12,66.63,80.72,70.04,71.24,67.10,57.60,64.69,64.66,67.63,82.10,82.10,83.73,83.77,76.33,75.62,57.62,53.57
2017-07-13,53.14,49.23,45.87,45.14,45.14,45.17,45.44,51.77,66.67,63.19,63.42,60.04,54.36,58.80,61.66,64.79,72.01,70.33,71.92,66.43,66.98,66.98,57.63,53.62
2017-07-14,57.46,50.59,48.99,45.54,45.54,45.51,45.91,54.24,64.62,62.92,64.71,61.32,57.78,56.11,58.89,63.42,63.38,60.27,59.22,63.30,58.75,62.13,57.63,53.04
2017-07-15,54.95,50.31,50.10,45.91,45.21,44.07,43.03,44.08,44.76,43.41,42.58,40.56,38.55,37.88,36.96,37.49,37.98,43.31,46.83,49.13,50.04,52.50,48.87,47.48
2017-07-16,46.98,44.20,41.84,40.65,39.15,37.65,33.91,34.81,33.32,30.09,28.99,28.99,29.76,26.95,25.99,25.22,27.55,30.11,40.00,48.28,51.36,52.02,49.74,47.49
2017-07-17,41.72,38.57,34.75,32.39,33.65,36.28,42.65,46.99,53.13,51.23,48.43,50.40,47.20,47.68,51.53,57.59,68.47,64.79,58.15,56.17,55.68,57.56,51.96,50.50
2017-07-18,44.88,42.89,41.23,40.82,40.82,41.63,45.16,51.42,61.91,59.68,58.23,51.17,47.01,47.29,52.23,57.66,61.75,60.70,59.47,61.39,63.60,63.23,53.24,51.91
2017-07-19,50.71,44.08,43.41,43.06,43.06,43.37,43.87,54.20,66.31,65.84,60.10,58.04,50.01,55.61,64.30,68.05,66.01,67.46,67.56,68.98,63.81,65.83,53.27,51.94
2017-07-20,51.98,43.26,42.14,41.77,41.92,41.94,43.97,51.10,57.07,57.82,62.10,63.95,55.41,57.61,64.41,64.50,66.72,65.97,63.24,66.43,69.26,74.87,55.16,54.98
2017-07-21,54.78,50.71,43.99,43.94,43.93,46.44,50.58,57.23,85.31,84.77,76.14,68.04,52.36,53.93,59.70,53.78,50.56,56.98,60.10,70.60,57.60,53.57,53.12,52.55
2017-07-22,52.60,48.21,44.74,44.14,44.13,44.04,43.89,45.33,47.13,46.30,41.48,40.16,37.84,35.00,34.33,36.50,39.55,46.00,48.81,52.11,52.29,52.29,49.14,47.19
2017-07-23,50.96,44.90,44.87,44.27,43.53,41.92,39.00,41.09,39.53,38.14,38.00,37.24,37.00,30.00,30.00,32.39,36.86,41.09,47.37,50.31,52.39,55.08,52.94,49.40
2017-07-24,49.79,46.08,44.22,43.40,43.14,48.24,45.53,50.97,52.81,54.72,50.46,50.14,47.49,47.00,51.56,54.28,57.92,55.37,53.57,56.31,55.08,57.24,51.94,49.19
2017-07-25,48.10,42.70,40.53,38.00,37.88,39.15,43.68,48.59,50.54,48.07,46.16,44.69,42.16,43.01,46.04,46.34,49.39,49.61,52.40,53.04,53.21,53.23,52.47,51.33
2017-07-26,52.37,48.73,43.61,42.00,42.00,43.06,47.50,49.72,58.53,49.54,49.10,48.58,44.82,45.58,58.74,58.92,52.87,51.61,53.62,58.94,57.21,55.24,53.08,50.96
2017-07-27,52.56,48.90,44.61,43.29,43.44,43.73,48.86,49.54,60.84,58.64,56.62,56.10,48.58,50.03,54.39,64.12,59.11,61.69,60.06,60.73,58.48,58.86,53.17,51.87
2017-07-28,51.82,46.82,44.50,42.20,41.26,44.51,46.72,51.57,55.14,57.19,53.40,50.43,49.57,49.02,50.41,50.34,51.79,53.63,53.96,56.96,57.54,57.16,52.73,51.78
2017-07-29,51.93,51.00,49.69,48.86,48.86,48.86,48.86,49.09,51.45,51.91,49.19,48.86,45.15,42.41,42.09,42.74,44.50,49.70,52.49,57.71,57.85,62.25,53.37,52.51
2017-07-30,50.65,49.73,49.37,43.85,43.26,43.00,40.49,40.49,40.49,41.50,40.00,39.86,39.26,37.00,34.52,37.13,40.49,43.26,49.65,51.41,52.54,57.06,52.21,51.16
2017-07-31,46.96,43.41,40.90,39.23,39.19,40.17,45.00,51.80,82.16,92.07,83.45,81.10,71.50,71.97,74.47,70.38,78.78,79.75,77.90,84.03,81.00,81.79,62.02,52.32
2017-08-01,53.26,49.89,45.00,42.04,41.43,43.99,47.91,50.16,56.53,61.28,56.44,55.42,50.63,55.14,68.10,69.33,86.46,95.55,96.06,98.81,95.58,95.73,60.68,55.54
2017-08-02,61.30,50.53,49.86,45.00,44.53,45.59,47.91,51.54,74.01,91.76,95.74,94.21,73.62,72.66,75.51,93.41,94.37,102.63,103.72,103.10,108.64,103.67,95.78,80.30
2017-08-03,83.35,59.46,51.19,49.85,49.84,50.42,58.61,91.25,100.65,111.36,120.00,120.20,120.00,119.49,135.96,136.37,137.08,137.84,138.20,137.87,137.04,137.25,120.00,110.15
2017-08-04,85.71,60.87,55.22,51.18,51.17,53.55,59.35,100.13,103.67,106.35,116.80,112.77,99.82,96.04,110.94,110.32,110.11,112.53,120.00,120.00,115.78,114.43,110.38,95.67
2017-08-05,62.42,53.66,51.12,50.56,50.55,49.97,48.14,49.36,51.34,51.62,50.73,49.62,49.65,47.40,47.21,47.98,50.42,52.64,61.12,78.16,85.83,73.69,55.97,52.73
2017-08-06,53.32,48.42,45.29,44.44,44.45,48.24,43.65,44.40,44.32,44.32,43.86,43.17,43.39,42.32,41.95,40.02,43.41,44.15,50.08,52.71,56.86,57.09,53.35,50.86
2017-08-07,50.64,45.43,42.97,40.98,40.45,40.95,43.07,46.45,53.26,52.76,51.60,50.18,48.86,47.64,49.20,49.90,51.61,55.59,58.92,70.02,74.08,71.96,55.09,53.38
2017-08-08,54.44,50.32,45.66,45.58,45.55,45.63,47.74,49.95,52.23,53.11,53.13,53.10,51.27,50.73,50.68,50.90,53.12,54.49,54.95,57.97,58.12,58.06,54.67,51.38
2017-08-09,54.68,53.42,49.35,48.63,47.93,49.29,50.09,56.93,54.59,60.84,57.38,52.32,53.34,52.35,52.41,51.42,57.13,75.84,90.00,90.54,96.27,90.55,74.36,54.74
2017-08-10,54.42,52.27,47.71,45.32,44.98,44.96,45.23,49.04,51.45,53.28,51.35,50.20,50.04,49.13,49.90,49.20,50.17,52.80,53.94,54.70,54.88,55.08,53.59,50.14
2017-08-11,50.87,45.10,41.30,40.46,39.83,40.54,41.33,43.37,47.29,46.06,45.84,43.54,41.94,39.55,39.09,39.01,41.62,44.65,47.77,49.68,50.94,50.84,48.31,46.39
2017-08-12,45.98,41.69,41.73,39.87,40.55,46.35,46.35,49.33,52.28,50.38,49.56,44.99,40.92,38.06,38.60,40.04,46.80,50.00,53.65,57.92,75.12,70.71,60.62,53.71
2017-08-13,44.39,40.04,39.06,38.00,37.01,40.04,38.08,37.62,36.61,35.10,36.64,35.01,32.63,32.40,32.40,32.61,36.93,40.04,43.28,49.31,53.23,53.86,49.83,45.16
2017-08-14,43.16,41.76,38.78,37.90,38.04,40.46,40.50,40.62,40.28,40.04,40.59,40.31,40.04,40.00,40.00,40.04,43.04,44.42,47.75,53.63,55.50,54.98,52.98,50.04
2017-08-15,46.99,45.77,42.73,40.00,38.93,40.04,40.00,40.04,40.04,40.00,40.04,38.62,36.61,32.40,29.70,34.20,38.00,40.50,43.13,48.66,53.65,53.49,52.66,49.44
2017-08-16,48.50,46.24,43.09,42.13,41.08,45.79,44.59,49.63,52.57,52.44,51.73,49.98,49.98,46.95,47.00,49.98,51.42,52.79,55.78,66.70,81.28,61.82,57.49,54.28
2017-08-17,52.33,50.04,45.15,41.14,41.14,42.00,43.50,48.07,53.03,51.17,50.63,50.63,49.98,46.76,46.20,49.98,50.62,51.75,54.47,58.55,66.53,58.67,54.81,53.25
2017-08-18,51.78,44.54,43.00,41.00,40.92,41.28,43.27,48.71,51.50,49.64,49.62,48.79,47.68,45.78,46.32,49.98,51.72,53.32,54.69,58.62,60.08,58.70,56.29,54.14
2017-08-19,53.52,51.20,49.52,45.27,45.26,45.38,46.19,49.18,49.03,49.98,42.82,41.00,40.92,39.50,39.42,40.04,43.00,46.64,52.65,54.91,57.41,54.92,52.95,49.79
2017-08-20,46.68,45.50,42.19,41.51,40.88,40.93,37.71,39.65,40.04,39.29,39.86,37.99,36.00,32.09,32.51,33.99,38.71,40.04,44.71,50.47,54.37,54.22,50.48,45.50
2017-08-21,45.60,42.57,42.12,40.06,38.66,42.41,42.88,47.80,48.27,47.96,47.23,44.80,44.79,43.29,43.48,43.77,46.51,50.82,53.77,60.39,81.21,60.44,54.41,52.88
2017-08-22,50.76,46.85,43.00,42.76,42.94,44.89,49.81,52.88,54.25,54.31,51.04,47.91,46.04,44.30,46.03,47.68,49.57,51.19,55.84,60.25,77.39,62.57,57.01,54.00
2017-08-23,53.38,50.64,43.70,42.89,43.67,45.98,51.02,53.53,53.54,50.68,47.77,45.99,44.14,43.92,44.14,46.06,47.89,50.68,56.79,62.42,76.52,61.46,54.60,53.30
2017-08-24,53.32,51.70,46.78,44.69,43.94,47.83,51.06,52.76,54.11,52.30,49.78,48.49,45.45,44.99,47.86,48.90,48.90,51.09,54.04,58.20,67.26,57.38,53.29,50.81
2017-08-25,50.47,46.59,42.87,42.81,42.80,44.53,51.00,52.71,59.26,58.77,53.73,53.72,51.81,51.81,53.70,54.51,53.74,54.91,59.34,67.05,75.95,60.26,55.05,53.03
2017-08-26,53.76,52.60,49.18,44.21,44.21,44.45,47.53,48.75,53.83,53.24,52.47,51.08,49.06,47.16,47.03,47.19,48.28,52.37,55.39,61.83,73.88,60.63,55.20,53.42
2017-08-27,53.34,50.84,45.11,43.55,43.55,44.49,42.76,41.79,41.42,41.41,44.88,39.38,39.36,38.18,38.27,39.09,42.11,47.99,52.07,55.31,64.48,61.65,55.37,53.35
2017-08-28,50.37,45.60,41.68,41.69,41.70,46.19,49.99,56.64,88.98,90.85,90.12,95.99,87.70,87.26,133.95,110.00,95.73,78.97,74.76,78.05,86.77,67.66,56.48,52.99
2017-08-29,52.89,51.45,48.14,48.14,48.14,49.86,51.35,56.21,62.76,66.00,58.20,56.82,53.31,53.33,55.95,64.84,72.94,69.12,71.08,84.13,88.54,71.70,60.81,54.30
2017-08-30,56.02,50.95,49.27,47.31,48.00,49.86,58.60,61.42,67.27,73.71,63.36,70.32,53.20,54.33,63.71,70.44,74.16,78.38,87.55,96.27,97.55,95.03,62.36,54.71
2017-08-31,52.23,49.93,46.77,45.91,45.91,48.00,51.35,56.96,62.19,63.37,58.29,60.35,53.31,52.67,58.09,64.84,65.56,59.02,60.01,66.89,75.70,57.58,55.00,52.89
2017-09-01,50.15,49.86,46.94,46.91,45.67,48.03,49.97,53.27,68.48,71.16,67.93,67.62,57.30,54.46,59.70,66.03,66.38,54.45,55.05,57.14,57.21,53.95,51.74,48.98
2017-09-02,48.62,45.12,42.32,42.32,42.32,42.50,45.12,49.92,49.86,48.00,45.12,42.50,41.47,36.46,35.50,38.64,39.78,42.32,45.93,52.36,52.70,48.71,43.58,42.22
2017-09-03,39.71,37.53,34.39,33.97,33.79,35.00,35.00,36.84,36.82,36.52,37.82,33.49,32.70,26.26,25.95,28.49,36.24,41.17,45.07,51.35,58.00,55.25,50.94,46.77
2017-09-04,42.57,40.35,39.77,41.47,41.47,42.57,47.97,52.00,55.22,53.71,51.78,51.00,47.00,46.15,47.76,49.75,54.38,52.07,54.39,59.59,63.90,54.47,53.22,49.96
2017-09-05,47.35,43.69,42.57,42.50,42.50,43.26,51.78,55.43,79.19,75.88,61.55,60.95,51.71,49.18,54.02,56.50,52.84,55.01,54.38,57.59,58.03,54.49,50.35,48.38
2017-09-06,46.65,42.74,42.32,41.47,41.47,43.00,51.64,53.84,54.43,53.36,52.26,51.88,47.44,46.07,49.03,49.81,53.52,53.56,54.47,56.13,58.10,55.10,50.42,48.51
2017-09-07,47.96,44.50,42.57,42.57,43.47,47.09,52.41,54.47,59.66,65.43,61.27,55.40,50.31,55.33,61.33,64.32,54.33,55.27,54.51,57.25,57.60,54.01,49.95,49.44
2017-09-08,48.50,47.58,45.56,45.43,45.54,47.99,52.42,53.44,55.74,56.71,53.39,52.48,47.97,47.17,47.41,48.50,52.79,53.62,55.20,60.52,59.71,55.42,50.44,50.00
2017-09-09,49.53,45.17,45.04,44.00,43.87,44.00,45.04,45.96,47.14,47.14,44.87,42.17,38.99,35.99,35.18,37.78,42.15,45.27,49.56,54.68,54.80,49.89,46.15,42.31
2017-09-10,42.17,39.17,38.70,37.50,37.11,38.50,38.74,38.52,39.20,42.17,44.30,44.26,42.07,40.29,40.10,40.30,42.17,42.17,43.28,48.28,51.30,48.08,43.51,42.17
2017-09-11,39.56,36.99,36.10,33.00,35.00,39.15,45.00,49.59,56.35,54.97,52.14,49.28,46.49,47.58,50.42,56.83,58.42,54.45,49.46,57.13,56.00,48.94,46.30,44.57
2017-09-12,41.45,35.26,31.10,34.10,34.43,38.67,43.29,46.84,49.99,50.00,47.37,45.57,42.75,41.65,44.13,48.10,51.24,50.57,52.92,63.58,67.85,52.74,47.58,44.54
2017-09-13,40.64,39.18,39.25,39.25,39.67,43.83,51.21,57.32,65.91,59.65,52.62,50.74,46.11,44.38,47.65,50.77,52.81,54.77,65.81,76.43,85.71,61.60,53.66,46.88
2017-09-14,44.00,39.15,38.81,39.00,38.99,40.27,46.90,50.95,52.22,51.61,50.08,47.42,41.61,41.82,43.27,46.45,48.81,51.29,53.75,56.69,57.33,51.55,47.31,42.59
2017-09-15,40.15,37.86,37.11,36.94,37.66,40.12,46.32,53.22,66.29,65.95,54.80,54.02,48.46,46.45,48.53,49.01,51.35,52.29,55.54,59.02,58.61,54.04,48.85,46.71
2017-09-16,43.91,41.41,39.25,39.15,39.15,39.00,39.91,41.17,47.37,47.09,43.42,42.18,37.86,35.08,32.93,33.87,37.57,43.00,49.48,54.33,53.39,48.96,44.03,39.15
2017-09-17,39.93,39.43,38.87,38.87,38.82,39.14,39.36,38.80,37.87,38.55,39.89,37.34,32.62,29.57,28.79,29.46,38.01,41.76,47.66,53.72,57.39,52.35,51.00,42.52
2017-09-18,39.29,34.10,32.10,31.42,32.00,35.66,46.66,52.07,55.37,56.28,51.96,51.39,49.82,49.02,50.61,52.65,53.85,53.66,54.13,57.58,57.62,54.16,50.16,46.93
2017-09-19,45.00,39.76,37.49,36.13,36.13,37.49,46.99,52.00,55.02,50.63,48.13,46.13,41.62,40.73,42.73,44.55,47.77,48.52,50.69,57.04,55.48,51.64,44.68,40.63
2017-09-20,38.88,34.85,34.42,35.17,37.21,39.36,46.66,51.55,53.81,53.16,47.49,46.78,42.25,39.94,39.66,43.39,47.02,48.00,50.00,55.80,54.08,53.61,47.16,45.00
2017-09-21,46.00,42.99,42.42,42.52,42.52,43.66,52.97,55.18,59.38,56.74,53.41,50.32,42.52,41.99,43.11,49.19,52.75,54.71,63.36,89.82,73.46,60.63,53.86,51.81
2017-09-22,51.51,49.00,47.03,45.00,46.72,49.41,54.00,58.42,64.62,58.04,54.75,51.01,46.79,45.00,49.83,49.82,51.80,56.51,64.04,81.00,66.94,57.53,53.04,48.54
2017-09-23,52.44,52.44,51.72,46.86,46.86,49.95,52.44,52.44,52.60,51.80,46.98,43.51,41.95,37.49,37.49,38.29,44.00,51.12,55.50,69.30,67.64,57.27,52.47,48.19
2017-09-24,45.03,42.05,41.08,40.46,40.48,40.50,40.78,40.77,41.48,44.71,46.86,46.00,44.70,39.35,39.01,41.40,44.39,44.39,49.00,57.00,57.91,53.99,49.52,46.20
2017-09-25,44.39,44.39,42.14,41.91,42.18,47.50,51.82,57.01,60.83,58.70,57.24,55.52,50.50,50.37,54.80,54.83,53.85,54.20,57.34,77.67,60.02,56.86,53.31,48.20
2017-09-26,50.57,46.50,44.69,41.88,41.86,44.39,51.82,54.65,58.70,58.92,56.38,53.52,49.17,48.92,49.90,55.29,54.18,54.37,55.10,68.76,60.37,55.64,51.61,48.67
2017-09-27,48.00,45.00,44.39,43.51,43.51,47.00,51.74,54.06,56.28,54.84,52.68,50.52,48.68,47.80,48.70,50.11,52.08,52.62,55.01,63.52,57.55,53.92,49.91,45.35
2017-09-28,48.00,44.80,44.39,44.80,44.80,47.50,52.32,57.53,59.91,57.30,54.75,52.88,51.04,50.30,50.76,50.91,52.75,54.01,55.10,64.57,60.72,54.83,49.49,48.19
2017-09-29,47.50,44.69,44.39,42.50,42.52,44.23,51.82,54.92,64.48,60.78,55.84,52.42,47.72,46.30,49.66,51.82,54.44,54.89,61.50,79.75,64.56,56.90,51.96,48.85
2017-09-30,48.93,46.00,44.53,45.64,44.55,46.00,46.00,46.00,48.75,50.75,44.52,42.80,40.00,38.83,39.00,38.75,42.05,46.69,53.42,57.16,55.93,53.84,48.88,45.55
2017-10-01,50.82,46.17,44.04,44.00,43.11,44.00,44.52,44.60,45.96,47.04,49.17,49.00,45.98,45.96,45.93,45.96,47.04,51.53,52.13,57.81,55.13,52.73,51.82,46.70
2017-10-02,45.13,41.57,41.33,41.32,41.33,45.13,53.47,58.20,61.04,57.63,56.41,55.82,55.14,53.14,55.26,55.60,56.48,58.93,61.59,81.16,62.75,57.59,56.10,51.36
2017-10-03,45.89,43.53,42.64,42.30,42.31,45.87,54.28,57.39,64.75,62.47,61.51,58.27,53.10,51.07,54.58,56.90,61.38,57.42,60.24,66.14,61.44,56.12,50.71,47.82
2017-10-04,47.79,46.29,42.35,42.34,42.02,44.79,55.51,62.74,66.59,62.43,59.48,58.87,56.44,52.30,52.18,54.81,55.71,56.83,60.72,83.77,67.98,58.49,55.64,52.21
2017-10-05,52.20,49.09,45.12,45.11,45.11,49.09,58.07,64.58,71.54,65.66,61.07,55.96,51.18,49.96,52.04,56.48,60.94,61.37,63.53,80.29,62.84,56.01,54.70,47.96
2017-10-06,46.74,43.39,42.18,42.12,41.34,42.77,53.77,63.24,71.93,67.74,60.42,59.01,51.04,50.16,52.44,56.32,58.92,63.62,63.11,77.35,63.38,55.61,52.59,46.20
2017-10-07,48.74,45.00,43.34,40.55,39.22,39.22,43.78,47.53,47.18,47.34,40.81,33.38,31.85,30.00,27.34,29.54,36.71,44.35,54.85,63.23,59.16,55.28,55.22,48.58
2017-10-08,46.02,40.96,40.77,39.17,39.15,39.67,42.61,43.08,45.61,49.73,48.77,44.79,46.20,41.14,39.69,40.96,45.07,52.00,55.61,66.20,62.47,55.30,53.92,46.55
2017-10-09,45.51,40.42,38.57,36.39,39.54,42.03,55.08,65.98,65.50,66.02,65.37,64.18,60.58,57.82,57.23,58.36,65.62,75.39,81.10,91.94,69.78,63.27,54.62,52.85
2017-10-10,51.81,47.23,45.10,45.10,45.12,49.39,67.88,71.75,88.18,72.89,65.29,60.96,59.78,58.76,58.03,63.99,66.47,76.34,87.36,105.67,75.59,76.42,63.28,58.23
2017-10-11,55.26,50.46,44.94,44.82,44.93,48.26,56.90,70.84,70.65,68.19,63.75,61.64,54.42,52.98,53.19,55.95,60.29,62.49,79.03,100.00,79.14,64.71,61.09,53.96
2017-10-12,51.55,46.53,46.14,44.85,44.84,46.66,55.33,68.09,68.11,66.21,61.60,59.80,55.41,54.12,54.23,54.34,58.35,63.05,66.06,75.01,70.76,61.58,57.14,51.87
2017-10-13,50.66,48.73,47.71,47.26,44.73,48.81,58.57,64.85,69.19,65.56,56.49,55.01,51.47,49.54,50.87,53.69,55.92,61.21,66.97,70.62,69.25,57.43,57.00,50.65
2017-10-14,53.10,50.23,44.71,43.99,43.72,43.50,48.99,55.53,53.38,50.24,49.57,47.03,43.41,44.20,42.31,41.56,44.78,49.25,53.85,65.52,57.52,51.64,49.99,46.80
2017-10-15,43.16,42.18,38.32,36.74,36.68,37.21,39.84,43.28,43.97,44.19,43.15,40.85,39.23,37.48,35.02,38.48,43.08,47.48,53.16,58.66,58.69,54.16,50.92,45.14
2017-10-16,43.08,42.27,40.75,40.67,41.09,42.98,52.21,57.57,63.28,62.48,57.51,54.14,47.25,49.41,51.23,55.88,60.05,59.43,63.42,66.04,62.85,57.51,54.07,50.64
2017-10-17,49.90,46.21,43.30,42.96,42.96,43.82,54.28,64.48,66.08,64.52,61.03,60.49,58.13,58.31,57.92,56.04,58.21,62.24,64.60,75.56,67.19,63.81,57.63,50.56
2017-10-18,47.89,43.34,42.96,42.95,42.97,45.45,55.21,65.50,67.99,65.92,60.91,59.45,56.66,56.55,56.84,58.42,62.32,64.75,70.62,83.94,65.98,59.71,57.60,51.34
2017-10-19,54.85,45.24,43.05,42.94,42.93,44.91,54.49,71.15,74.02,69.18,62.19,62.37,56.96,53.41,52.88,54.43,57.08,66.79,72.23,78.76,71.66,64.70,60.35,53.66
2017-10-20,50.00,45.87,44.46,43.62,44.10,46.69,56.62,67.47,74.59,69.21,60.00,59.82,56.71,53.75,53.53,54.96,61.71,66.87,71.42,72.39,68.02,61.16,56.40,52.17
2017-10-21,53.14,48.90,46.87,47.00,47.01,49.45,53.77,66.92,70.43,62.28,55.43,52.57,50.94,49.75,46.73,48.52,50.17,53.87,71.63,72.62,71.93,59.53,53.55,49.58
2017-10-22,48.02,46.92,44.67,44.66,44.65,44.66,44.67,47.66,47.76,49.55,52.06,45.49,44.61,38.96,37.28,38.66,42.48,50.07,56.88,60.52,61.09,54.76,49.92,46.80
2017-10-23,40.75,32.22,28.45,24.45,29.06,39.15,47.58,62.64,62.89,62.40,59.41,56.79,54.93,52.04,53.08,53.53,57.76,60.23,63.40,66.48,65.02,56.59,52.52,45.62
2017-10-24,46.64,39.63,38.20,37.88,37.89,39.17,49.74,68.27,68.77,62.25,58.50,57.74,53.43,51.84,52.37,55.57,57.39,59.94,69.63,72.07,66.21,60.96,58.38,51.02
2017-10-25,49.35,44.29,40.36,37.93,39.02,46.44,56.41,71.16,75.27,71.14,63.21,60.88,57.00,55.03,57.50,59.38,62.24,69.32,81.96,87.90,72.52,71.58,65.07,63.86
2017-10-26,53.92,47.90,44.65,44.64,44.75,46.91,62.59,71.67,74.48,71.62,66.44,60.93,58.43,56.37,55.09,59.38,61.71,67.73,81.69,85.87,71.94,66.71,61.00,55.59
2017-10-27,54.94,51.71,50.58,48.86,48.81,50.22,66.26,72.31,83.97,78.94,61.97,60.04,56.14,54.13,52.33,57.54,59.73,63.87,70.00,71.88,68.88,62.85,53.59,51.20
2017-10-28,48.76,45.78,43.79,42.44,40.92,43.37,46.61,54.70,56.21,58.22,55.89,48.46,42.17,39.74,36.63,42.25,45.29,49.68,68.11,72.72,64.44,55.31,50.94,48.05
2017-10-29,59.26,49.45,45.40,43.75,43.46,45.23,46.47,49.54,46.91,44.03,43.05,42.61,40.61,38.17,36.79,39.56,47.08,50.11,61.65,65.11,64.97,56.43,55.28,46.80
2017-10-30,44.00,39.46,40.00,39.86,40.00,43.14,51.54,62.18,62.16,59.19,54.72,52.98,49.57,50.42,54.56,56.78,67.00,70.00,75.34,78.02,65.57,58.16,53.02,48.38
2017-10-31,46.46,44.05,43.20,40.69,40.19,43.67,50.97,64.72,70.06,70.38,64.77,60.54,58.41,59.44,66.66,69.00,71.72,71.19,73.20,73.54,70.20,59.46,56.44,51.00
2017-11-01,50.07,48.47,46.46,45.66,45.68,48.62,50.99,50.55,50.22,50.00,49.30,48.34,48.69,48.34,50.55,52.51,70.38,87.83,85.00,76.18,71.36,60.46,53.53,50.64
2017-11-02,46.77,46.27,45.17,45.15,45.17,46.46,53.25,61.66,67.14,62.58,61.61,59.03,57.33,57.13,60.43,65.76,74.75,83.34,79.19,73.20,69.62,61.94,57.95,50.98
2017-11-03,50.05,49.21,46.00,44.42,44.65,46.51,56.10,64.96,67.72,67.39,62.35,61.21,60.17,58.54,61.00,69.15,73.63,82.75,73.61,72.11,69.82,60.66,55.12,51.40
2017-11-04,54.59,46.98,45.87,45.87,45.87,46.06,48.00,50.00,53.40,54.00,54.30,49.67,46.30,46.06,46.18,50.00,59.95,71.85,67.12,66.31,59.78,53.57,49.73,47.40
2017-11-05,48.64,49.48,47.50,45.87,45.87,47.50,49.48,48.99,49.72,50.39,54.40,52.57,51.59,48.64,49.48,52.98,65.00,71.05,70.38,65.34,59.85,50.00,49.48,46.46
2017-11-06,45.15,42.68,40.99,40.05,41.80,44.73,51.52,64.83,69.60,69.10,66.89,65.81,63.09,63.08,74.23,74.63,77.49,99.36,95.01,87.24,75.24,65.00,61.52,57.10
2017-11-07,50.06,50.00,47.49,45.70,45.01,49.00,58.10,71.20,75.48,73.30,72.22,67.08,64.79,61.97,68.00,70.61,73.12,84.20,91.83,82.83,71.20,60.33,60.53,59.67
2017-11-08,53.60,51.03,48.60,47.95,47.95,50.78,64.97,75.28,83.84,84.02,78.44,78.23,74.85,79.95,79.41,80.96,87.57,109.76,117.13,94.98,79.99,67.99,64.20,65.90
2017-11-09,61.95,52.50,50.46,48.60,48.90,50.29,71.20,97.51,114.05,106.71,91.92,100.44,88.36,87.72,87.78,92.50,102.39,125.63,143.73,126.14,99.67,74.00,74.00,71.20
2017-11-10,70.19,64.67,58.00,52.38,52.50,58.81,70.71,98.01,107.93,99.36,94.94,88.62,87.00,81.69,86.45,94.50,99.75,117.17,111.30,99.36,81.00,71.20,67.05,65.22
2017-11-11,63.74,60.34,55.48,52.36,52.33,52.37,62.99,70.87,67.00,64.60,59.00,57.97,57.07,56.81,54.00,55.49,69.18,73.27,73.24,71.86,71.86,71.20,62.00,59.12
2017-11-12,60.00,51.56,49.34,48.74,47.96,48.94,51.55,52.38,51.57,51.44,50.50,49.65,51.03,48.36,48.59,50.53,52.38,69.34,66.07,66.92,64.97,60.55,54.10,49.87
2017-11-13,45.19,42.55,38.99,39.20,41.03,44.77,49.87,62.68,67.47,63.80,67.18,66.47,59.89,64.22,75.17,87.56,88.03,104.26,110.00,99.36,79.90,71.05,61.14,61.05
2017-11-14,53.94,50.00,49.81,49.34,47.82,50.20,69.36,104.31,106.70,117.67,83.07,81.04,76.51,72.92,77.49,81.15,95.23,113.88,137.96,114.22,84.88,67.11,62.13,58.17
2017-11-15,54.62,52.52,51.53,49.05,48.88,50.45,60.01,80.60,87.97,85.61,79.40,78.80,71.51,69.95,72.81,79.48,89.95,109.25,136.88,101.60,85.63,71.39,67.99,61.36
2017-11-16,63.28,54.68,52.24,48.57,49.36,52.09,62.44,75.06,82.79,81.10,76.14,76.94,72.64,73.39,71.26,84.70,89.51,111.15,128.25,101.48,83.06,71.05,67.96,62.07
2017-11-17,57.28,56.18,53.22,49.96,49.74,53.30,63.76,73.90,75.85,75.16,72.00,71.27,66.20,64.88,65.88,71.85,74.51,83.14,92.09,87.96,79.80,69.43,65.58,60.97
2017-11-18,57.31,54.27,51.03,45.22,44.14,48.83,52.95,55.52,56.36,57.67,57.15,56.79,55.46,55.02,52.54,55.07,58.48,72.47,76.35,75.54,69.92,65.00,64.67,58.90
2017-11-19,59.37,56.45,52.94,50.50,46.84,48.30,52.29,51.96,53.02,52.81,53.53,53.82,52.30,50.62,50.83,55.20,56.45,67.00,74.76,77.91,74.19,71.39,69.61,62.89
2017-11-20,62.60,54.74,50.83,48.79,46.87,50.72,64.16,75.45,83.79,73.89,69.20,64.69,62.42,62.29,64.86,78.15,86.25,99.36,85.83,80.74,76.50,70.02,62.30,57.74
2017-11-21,52.00,48.93,46.45,44.17,45.00,47.52,54.62,70.00,76.88,73.44,70.62,68.11,67.35,63.79,69.21,70.53,76.83,98.00,99.19,86.98,73.18,63.71,56.06,53.53
2017-11-22,54.30,51.94,49.59,47.42,47.14,50.78,62.08,70.86,86.00,73.42,68.62,66.08,63.71,61.79,69.01,81.23,101.83,103.11,99.36,85.09,73.18,67.20,57.49,53.08
2017-11-23,52.50,48.41,47.40,47.02,47.46,52.50,62.82,70.00,85.71,82.71,76.51,74.63,65.91,71.32,75.49,89.37,109.93,107.14,91.77,82.13,73.47,67.86,61.10,56.31
2017-11-24,54.00,53.00,51.70,51.43,51.37,53.89,61.50,70.86,87.60,86.00,79.63,77.79,65.86,64.55,72.27,71.86,80.22,85.80,80.16,76.26,72.25,61.48,56.34,54.12
2017-11-25,56.59,52.50,49.54,47.08,46.86,46.86,50.00,55.49,56.90,57.90,56.72,53.44,51.46,48.92,49.62,52.83,56.48,63.48,67.84,69.40,64.30,53.75,53.64,49.39
2017-11-26,49.06,46.65,46.12,44.10,43.09,43.11,44.57,46.22,46.12,47.02,47.73,47.25,47.39,44.46,43.68,47.80,53.11,62.80,69.55,70.53,64.60,56.70,54.00,48.05
2017-11-27,46.30,35.42,34.35,32.01,33.70,37.90,49.82,64.37,71.67,69.90,63.05,60.93,57.89,57.86,62.87,74.62,83.68,81.09,77.62,73.94,68.23,61.73,58.51,55.72
2017-11-28,52.95,50.68,50.15,50.17,51.10,54.21,64.99,78.21,87.37,89.99,82.93,88.64,70.56,72.32,90.90,99.10,112.00,108.00,91.31,81.70,76.16,67.70,62.17,59.62
2017-11-29,58.97,54.79,51.30,47.37,47.80,54.68,62.85,77.84,106.79,106.83,94.61,81.84,74.33,74.45,84.93,85.12,95.28,113.22,115.00,95.78,76.71,67.36,61.42,57.09
2017-11-30,51.36,50.24,43.19,39.65,41.52,50.71,60.54,75.45,84.54,79.26,76.35,74.58,72.04,71.01,72.78,76.44,86.55,96.18,91.78,84.99,77.66,67.64,64.46,63.90
2017-12-01,64.97,59.39,57.55,56.08,55.91,58.62,66.88,86.00,105.00,98.34,85.36,78.55,73.07,70.40,77.82,86.35,99.44,114.14,104.29,99.18,79.75,71.47,69.98,69.63
2017-12-02,70.82,70.82,67.99,65.28,65.28,68.98,60.87,68.98,70.82,76.00,70.54,69.81,67.94,62.28,60.99,63.74,70.82,80.30,81.40,80.73,72.01,67.49,66.27,60.87
2017-12-03,63.26,57.80,56.43,50.05,48.94,49.00,50.81,54.02,54.59,56.20,60.61,62.38,64.39,61.59,57.97,57.07,57.31,70.69,76.41,77.07,74.82,69.30,65.65,63.72
2017-12-04,65.62,58.17,55.91,55.15,55.15,58.48,68.63,83.32,94.41,99.11,93.09,90.86,82.47,81.83,86.76,102.71,101.62,106.28,105.41,99.22,82.27,76.15,74.17,68.52
2017-12-05,71.35,68.00,62.75,59.22,59.22,67.15,71.40,105.11,118.39,114.69,95.68,99.81,94.07,93.32,96.00,104.08,115.44,111.23,114.75,99.60,93.31,85.44,79.80,75.55
2017-12-06,80.00,75.69,73.12,71.18,70.90,71.18,77.30,110.03,109.26,100.90,97.37,96.92,86.79,85.95,86.09,93.55,103.39,108.64,105.22,96.24,85.52,76.57,75.66,72.33
2017-12-07,71.83,71.18,69.49,69.49,69.49,71.18,72.53,83.19,85.44,84.98,83.44,82.19,78.90,78.92,83.39,92.19,90.82,104.88,93.25,88.84,81.77,75.24,74.65,72.00
2017-12-08,67.81,63.53,61.36,59.10,58.90,59.36,62.16,66.08,68.20,69.94,68.73,66.65,66.44,61.73,59.19,62.20,65.53,73.51,79.35,80.09,75.32,69.95,67.21,64.73
2017-12-09,61.10,56.66,52.86,51.55,51.25,52.26,58.04,63.24,66.63,70.60,70.45,66.79,63.95,61.03,62.60,65.08,67.70,73.53,81.19,82.04,76.56,70.97,69.19,64.21
2017-12-10,60.08,58.52,56.36,52.41,50.60,52.40,53.49,55.55,57.52,58.91,59.61,56.83,56.65,54.80,54.57,55.94,60.19,62.36,63.25,64.43,65.94,66.10,59.80,54.94
2017-12-11,46.06,40.14,38.00,37.98,42.19,47.85,61.76,71.06,101.33,78.97,78.50,75.43,70.58,70.50,75.56,76.92,79.98,79.40,75.29,75.25,71.46,63.88,59.79,52.67
2017-12-12,50.94,47.93,47.92,47.65,47.63,48.60,60.63,76.50,100.06,101.14,95.86,90.00,76.71,75.29,76.74,76.70,87.55,104.71,103.50,87.32,78.25,68.20,64.91,61.06
2017-12-13,69.59,65.00,60.26,62.05,65.40,71.46,80.15,114.95,157.16,160.66,140.00,114.87,104.29,104.11,111.31,140.00,164.27,170.00,165.06,160.00,116.63,110.55,84.25,71.46
2017-12-14,71.35,58.50,55.79,51.65,52.33,61.37,78.92,75.93,95.17,87.81,83.87,81.66,75.91,75.75,83.44,87.75,100.01,105.09,88.87,86.55,75.01,73.17,69.36,65.00
2017-12-15,51.94,47.70,47.49,47.34,47.49,50.19,55.56,69.00,72.49,71.70,70.56,68.37,64.19,62.97,67.43,69.19,70.00,74.24,74.49,73.11,68.92,59.75,58.37,55.80
2017-12-16,52.17,48.39,46.75,45.27,46.16,46.70,52.34,55.79,62.09,65.32,67.48,63.49,57.59,55.80,55.28,55.21,58.29,68.20,74.17,74.04,68.84,58.82,55.52,55.73
2017-12-17,55.06,50.40,46.70,45.60,45.60,46.70,49.57,52.18,52.41,52.40,55.13,54.92,54.41,53.38,52.31,53.53,56.47,71.46,73.23,74.01,71.77,61.42,58.20,55.34
2017-12-18,52.89,49.80,47.86,47.00,47.90,51.85,60.99,71.01,72.78,70.94,70.77,70.85,69.63,69.66,70.79,82.41,95.00,86.10,81.27,79.50,75.63,68.88,67.40,63.68
2017-12-19,53.27,52.00,52.00,51.80,51.80,53.22,61.59,72.12,78.67,75.64,72.14,70.01,67.49,67.04,67.74,70.36,76.62,79.99,80.32,78.75,74.68,67.69,66.07,61.23
2017-12-20,67.00,64.99,61.81,61.09,62.93,66.28,72.70,75.69,97.82,100.76,87.78,81.45,75.62,75.35,78.97,84.06,98.13,99.12,86.95,80.65,78.64,72.81,70.40,65.19
2017-12-21,62.07,54.56,51.00,49.35,49.35,53.81,67.60,71.69,83.74,81.26,73.41,70.92,66.25,66.46,69.57,73.72,78.67,79.04,74.89,75.24,72.83,69.16,65.64,58.51
2017-12-22,51.34,45.77,44.57,45.75,45.68,46.78,61.00,73.36,102.57,86.96,72.00,68.75,62.49,62.14,65.90,70.03,73.58,83.02,82.96,81.25,71.69,69.90,61.00,52.00
2017-12-23,44.08,39.55,39.09,32.69,28.06,36.24,40.40,46.40,48.59,49.26,45.23,46.35,45.98,44.33,43.60,46.40,50.19,60.13,62.31,62.39,57.37,55.24,51.11,49.15
2017-12-24,50.66,46.10,45.29,45.00,41.13,45.37,45.99,49.66,51.31,51.64,51.93,51.31,48.00,46.53,47.71,51.31,54.48,63.04,64.91,62.82,58.01,55.84,54.45,50.31
2017-12-25,49.46,47.56,45.18,44.57,43.43,45.18,45.88,48.00,49.46,51.91,55.00,55.31,51.93,49.66,51.10,53.14,67.82,73.81,73.49,63.74,60.73,55.34,51.24,48.91
2017-12-26,45.32,43.01,41.19,40.09,39.09,41.20,44.54,45.88,45.88,48.64,51.36,51.00,48.59,45.88,45.88,48.78,55.42,60.82,58.25,58.06,54.38,51.10,46.92,42.89
2017-12-27,45.18,39.56,29.99,14.72,18.38,36.60,44.67,50.46,54.00,54.25,53.12,50.01,45.67,46.20,50.44,51.81,53.07,56.09,57.57,55.88,52.50,48.64,45.52,40.00
2017-12-28,31.16,30.00,25.19,23.49,26.21,29.86,41.00,49.70,52.00,53.18,50.89,50.35,48.75,48.21,48.26,51.61,54.10,60.00,59.90,61.21,60.15,58.40,52.35,50.92
2017-12-29,45.15,40.79,37.17,32.25,32.88,34.50,45.88,53.55,56.88,56.70,52.50,51.08,49.50,48.76,49.24,51.08,54.40,65.00,58.00,57.76,55.98,55.03,48.64,45.18
2017-12-30,42.12,37.00,33.52,29.52,25.57,32.85,38.60,46.82,50.70,51.40,48.00,46.81,45.88,45.18,45.88,48.50,51.90,60.48,59.44,58.24,56.07,54.15,48.20,45.24
2017-12-31,45.18,43.50,40.10,36.50,36.50,38.00,37.77,45.00,45.72,45.80,44.50,44.24,44.22,38.64,40.72,45.99,48.41,54.93,55.34,55.37,53.97,51.59,48.76,42.39
2018-01-01,45.82,44.16,42.24,39.29,36.00,41.99,42.25,44.97,45.00,44.94,45.02,45.71,46.70,43.98,44.96,47.53,49.91,54.30,51.91,51.38,49.20,45.73,44.84,38.11
2018-01-02,19.19,14.99,11.00,10.00,11.83,14.99,40.60,46.99,47.95,49.90,50.00,49.70,48.16,47.24,46.10,47.60,50.45,54.90,57.18,54.96,51.20,48.82,45.14,40.09
2018-01-03,42.75,35.02,28.85,28.00,35.02,44.49,50.65,67.00,70.00,68.00,55.70,53.30,52.18,50.21,52.57,54.35,59.00,71.46,68.86,64.66,57.71,53.30,49.70,44.15
2018-01-04,32.50,23.23,18.22,17.30,18.39,33.67,44.39,49.78,50.25,50.80,50.00,49.95,46.85,46.50,48.42,50.57,51.25,55.87,57.51,56.81,54.95,48.33,44.89,37.10
2018-01-05,44.15,39.80,31.98,30.12,34.50,40.70,48.99,55.35,60.60,57.50,55.35,51.54,51.53,50.21,52.09,56.35,59.98,74.58,74.62,72.09,59.12,55.61,53.09,47.64
2018-01-06,46.99,46.01,44.72,44.08,42.67,30.00,38.70,45.00,44.72,46.80,50.00,50.22,50.22,49.41,49.41,49.78,50.44,59.49,58.68,56.38,53.69,49.78,46.93,44.89
2018-01-07,46.15,40.00,37.10,32.00,35.00,27.10,37.31,44.04,45.00,46.55,49.72,49.41,49.41,47.60,47.53,49.41,51.68,54.84,52.76,52.76,51.00,49.41,45.00,41.50
2018-01-08,39.36,28.70,23.69,20.99,25.00,30.88,45.94,50.00,52.25,52.28,52.22,52.21,51.86,51.86,53.00,53.00,52.94,55.78,55.81,53.90,53.29,51.79,47.00,45.19
2018-01-09,39.17,36.40,35.90,34.00,35.35,38.76,49.00,55.90,62.36,68.75,62.47,63.14,59.39,59.39,62.36,70.30,68.81,74.46,75.79,70.75,61.84,55.14,49.00,45.98
2018-01-10,43.32,38.00,36.42,36.00,35.90,40.43,47.01,51.79,57.17,59.75,56.36,53.79,51.86,51.75,52.33,54.75,58.44,65.92,63.50,61.20,57.73,55.02,50.03,45.50
2018-01-11,43.32,39.00,38.00,38.20,37.80,40.71,49.00,55.21,61.66,60.39,57.98,56.90,54.61,54.83,54.74,61.81,65.36,74.50,75.16,71.41,59.30,53.49,50.30,44.69
2018-01-12,47.19,43.91,43.21,39.12,39.03,41.82,49.00,52.96,57.54,58.47,56.92,54.62,53.40,52.75,54.68,55.38,55.75,58.08,58.67,58.04,55.80,54.03,49.49,45.01
2018-01-13,44.59,42.25,36.11,33.80,32.55,32.55,43.56,52.10,52.93,53.29,52.51,47.73,44.70,43.78,45.00,48.73,54.13,63.35,63.36,60.01,56.85,54.76,50.66,46.06
2018-01-14,43.37,36.07,35.02,33.18,32.81,32.55,36.10,43.56,45.92,47.93,51.50,51.03,51.03,48.53,48.91,51.10,55.73,63.50,64.85,61.70,61.10,55.91,48.97,43.65
2018-01-15,41.56,35.15,32.55,32.78,32.55,36.10,48.36,54.77,62.36,57.31,55.98,54.38,52.40,52.16,54.72,58.40,63.51,67.50,62.92,59.97,57.56,56.31,54.45,48.46
2018-01-16,44.81,42.65,37.00,32.01,32.01,40.00,46.13,51.71,60.44,61.05,59.33,53.86,49.92,49.83,53.02,55.07,54.74,57.88,57.36,56.48,51.88,48.22,44.07,42.46
2018-01-17,35.49,31.59,27.11,26.29,27.15,35.64,46.22,48.19,51.56,49.40,48.42,46.68,45.15,44.00,46.47,47.90,51.12,58.32,56.13,54.92,49.80,48.13,44.48,42.38
2018-01-18,43.21,39.46,38.35,36.73,38.37,43.16,48.44,54.84,60.42,55.98,52.07,50.22,48.16,48.06,50.73,50.98,53.44,58.75,56.13,55.05,52.89,50.89,48.14,43.76
2018-01-19,43.56,38.32,33.46,34.30,33.30,38.33,44.07,55.92,64.59,58.62,54.52,52.96,47.77,47.71,50.86,55.67,59.91,68.91,69.01,65.59,57.10,52.92,51.06,46.98
2018-01-20,43.47,42.58,41.72,41.77,41.31,41.50,48.37,53.26,58.39,56.23,53.07,47.19,45.48,44.75,45.57,51.74,53.64,67.70,71.71,69.89,57.38,53.66,48.60,45.52
2018-01-21,38.75,34.99,30.00,27.71,25.56,27.68,28.47,32.56,36.13,44.00,46.40,45.54,43.13,37.75,38.58,43.43,48.15,53.34,51.90,53.34,50.41,49.91,45.08,37.00
2018-01-22,27.06,20.00,16.22,12.88,15.84,33.00,44.65,48.15,53.84,52.40,48.64,47.57,47.00,47.39,51.33,52.85,58.61,69.42,69.54,60.57,54.73,53.80,51.17,48.17
2018-01-23,47.00,43.76,43.23,43.28,43.16,44.06,52.62,67.38,73.65,64.74,52.55,48.91,45.90,45.28,45.92,48.15,53.40,61.37,60.46,58.32,53.98,50.49,50.11,44.89
2018-01-24,44.66,41.96,39.50,40.00,40.00,42.73,50.64,52.68,63.64,54.13,50.96,47.43,46.36,46.88,50.98,52.96,63.83,74.97,75.06,78.91,58.42,53.65,52.66,49.95
2018-01-25,48.53,44.80,43.28,42.86,43.01,44.67,51.74,60.87,72.73,68.44,52.42,51.06,49.47,49.09,51.32,52.43,59.99,74.64,73.46,67.71,55.01,51.96,49.25,44.01
2018-01-26,46.24,43.39,42.63,41.04,42.23,43.01,47.30,51.27,57.10,54.52,53.76,51.99,50.13,49.20,48.96,50.50,56.42,67.55,66.92,60.61,54.42,51.86,50.04,43.99
2018-01-27,46.96,45.20,42.33,41.35,41.35,41.66,46.00,50.65,52.60,52.75,49.98,46.73,43.93,42.90,44.37,48.53,50.89,54.10,55.63,56.29,54.37,51.61,48.74,45.92
2018-01-28,46.32,43.66,42.06,41.25,38.69,40.70,42.31,43.46,47.08,48.70,49.15,48.02,47.46,46.65,46.50,47.45,50.29,52.00,56.90,58.81,55.76,54.11,51.12,46.90
2018-01-29,42.29,37.39,36.60,35.00,36.60,41.29,51.00,57.61,58.36,56.90,53.62,51.82,48.90,49.40,51.43,53.84,57.69,62.35,65.56,59.21,55.99,52.50,51.95,48.42
2018-01-30,44.97,40.67,37.70,36.07,36.07,39.30,47.06,51.21,53.99,54.64,50.01,48.79,46.57,46.75,48.35,49.94,54.92,57.88,60.67,57.36,52.85,50.17,48.06,46.97
2018-01-31,47.17,44.38,44.29,44.28,45.42,46.41,50.09,57.24,62.43,62.37,56.11,52.16,49.45,49.53,50.87,51.45,58.83,63.89,63.02,57.50,53.47,51.12,48.44,46.79
2018-02-01,43.05,39.85,37.33,37.50,37.90,40.16,46.45,51.22,52.23,50.05,49.38,48.35,47.43,46.83,48.54,48.90,50.23,53.78,55.94,54.66,51.64,47.57,44.77,43.05
2018-02-02,40.89,38.84,37.60,33.35,37.60,40.35,44.64,53.00,56.61,57.73,56.91,54.67,49.79,49.37,51.39,52.41,52.69,55.56,56.69,57.51,51.25,46.36,44.47,42.44
2018-02-03,42.63,39.74,36.54,34.07,33.19,33.75,42.01,47.46,48.90,49.82,48.91,47.75,45.97,43.40,43.10,44.10,47.01,51.89,53.12,54.68,51.84,49.27,44.19,41.40
2018-02-04,41.45,37.10,35.99,31.87,31.81,31.81,34.52,38.57,41.59,43.76,44.31,43.84,43.46,42.33,43.46,45.83,51.38,57.61,58.94,64.97,64.16,58.91,52.38,47.86
2018-02-05,44.20,40.88,37.98,38.94,39.77,42.43,49.33,56.25,59.62,58.29,54.09,52.73,50.44,50.98,51.60,51.96,54.43,58.70,60.72,57.43,54.30,49.40,49.00,44.60
2018-02-06,45.40,42.76,42.44,42.38,42.01,44.96,49.27,56.67,62.11,62.08,58.20,55.72,53.45,52.56,52.57,51.74,55.95,60.21,66.73,63.83,58.65,49.31,48.10,44.70
2018-02-07,42.95,39.83,39.64,41.02,40.97,42.46,49.35,59.06,62.95,60.04,55.90,53.06,49.70,49.35,49.76,50.74,55.19,61.55,66.39,66.98,55.21,51.99,50.42,45.65
2018-02-08,45.60,43.27,41.71,42.85,41.95,44.58,49.96,63.52,66.24,64.39,63.67,56.65,51.21,50.56,51.56,53.83,57.63,65.84,72.33,72.24,60.87,54.13,53.64,49.71
2018-02-09,49.12,48.00,45.36,44.63,45.02,46.59,52.14,54.32,55.15,54.75,53.74,53.11,50.81,48.92,50.26,51.60,54.08,54.90,57.59,58.06,54.47,51.58,50.35,46.10
2018-02-10,47.11,44.91,41.71,43.04,43.01,41.71,44.02,47.82,49.22,49.35,48.54,47.18,44.87,41.63,39.51,41.10,44.28,52.14,74.69,74.71,59.07,51.11,45.98,42.02
2018-02-11,39.95,35.30,30.13,29.16,28.46,29.16,32.00,35.68,40.48,41.35,40.90,40.20,39.83,34.61,34.77,40.10,44.52,48.95,53.11,54.22,52.45,51.56,50.01,44.23
2018-02-12,42.35,40.58,40.32,37.30,38.29,41.70,49.23,54.26,61.30,59.10,54.49,52.23,50.97,47.91,51.32,53.24,54.68,56.24,63.17,65.64,56.82,50.58,51.39,44.98
2018-02-13,44.35,42.84,42.73,43.26,43.47,43.90,53.56,57.09,74.58,63.25,53.14,51.26,48.19,47.41,48.57,50.00,60.38,61.60,74.40,64.36,54.11,50.13,47.33,46.49
2018-02-14,47.17,46.54,43.73,43.24,44.06,47.45,49.20,53.93,71.03,60.93,52.37,51.00,49.19,49.19,51.11,52.25,64.02,70.60,74.37,69.46,54.27,54.24,51.00,46.96
2018-02-15,42.68,41.45,41.47,41.49,40.37,41.99,49.15,57.02,70.33,57.59,49.34,46.54,44.42,44.13,45.90,49.29,51.39,62.61,83.67,68.05,60.29,54.49,52.02,49.02
2018-02-16,44.92,43.64,43.64,43.68,44.02,47.29,50.75,72.99,74.68,64.30,54.26,52.62,50.04,50.04,52.05,54.72,70.06,75.31,80.97,77.53,69.26,59.75,56.66,55.15
2018-02-17,52.47,49.70,48.68,46.16,45.82,48.68,48.43,49.43,50.44,51.13,50.45,49.20,47.36,45.85,47.00,47.30,48.43,51.10,54.56,54.61,51.21,49.69,49.03,49.45
2018-02-18,43.61,40.79,39.85,39.44,39.06,39.95,40.29,43.00,44.11,46.20,47.90,47.90,47.92,44.41,43.74,46.03,48.42,51.37,63.64,69.73,66.59,60.10,52.70,48.11
2018-02-19,44.59,41.33,40.06,38.90,40.00,42.61,53.95,59.09,70.85,64.24,60.11,58.48,54.84,53.68,55.18,54.72,54.69,61.66,74.05,64.72,61.88,54.05,52.20,50.92
2018-02-20,49.50,43.30,43.18,43.00,43.93,46.38,54.04,61.41,64.04,62.16,60.16,56.10,53.38,51.67,52.19,54.10,58.64,65.30,71.33,66.60,58.05,56.34,54.73,50.82
2018-02-21,53.00,49.85,46.72,45.00,45.04,49.80,56.12,59.50,63.87,61.40,58.44,56.98,54.85,53.51,55.22,56.88,56.10,60.04,67.81,62.91,59.08,57.91,57.61,54.26
2018-02-22,55.92,53.76,47.73,47.98,46.65,54.00,57.97,60.85,72.69,64.46,60.32,60.00,58.84,58.86,61.52,63.11,68.96,71.85,75.06,75.47,64.09,62.29,60.67,56.51
2018-02-23,60.12,54.00,51.10,51.20,51.60,55.64,63.79,67.93,76.75,83.64,88.04,90.96,82.66,75.01,88.67,76.09,74.31,74.86,74.53,72.19,67.29,64.30,60.12,53.77
2018-02-24,57.05,54.65,51.67,48.60,48.60,53.60,61.37,67.87,74.10,87.78,84.61,78.41,68.25,62.78,63.24,66.00,70.62,76.97,101.13,101.15,82.67,76.01,66.48,59.04
2018-02-25,53.00,50.88,48.10,43.88,43.15,45.19,46.71,45.36,49.20,52.50,52.50,54.86,55.35,51.11,50.35,50.11,51.35,55.36,63.65,64.09,62.93,57.50,55.50,52.39
2018-02-26,50.64,47.00,46.27,44.07,44.61,46.71,75.11,89.99,105.70,108.02,100.94,97.96,88.24,90.11,98.84,103.00,113.59,115.00,119.98,115.25,109.64,105.00,101.01,89.99
2018-02-27,76.26,75.11,61.20,74.80,75.11,76.66,103.88,109.23,127.36,126.65,113.28,111.86,111.11,100.24,112.65,116.55,123.50,139.60,151.42,159.40,130.15,105.88,100.08,90.00
2018-02-28,76.66,75.11,71.96,68.99,65.38,68.63,82.00,93.98,115.69,110.70,95.50,88.43,79.50,79.59,80.54,81.93,86.21,86.31,93.56,105.54,85.00,80.32,79.14,75.11
2018-03-01,80.79,76.66,75.11,69.00,60.40,68.01,90.28,93.54,102.44,112.03,108.35,109.54,96.81,96.69,98.39,110.48,98.52,99.14,99.95,105.25,99.98,91.69,85.00,76.26
2018-03-02,77.70,74.80,74.80,74.80,75.11,76.26,95.82,113.67,118.20,119.95,113.22,108.52,100.00,98.58,100.06,104.92,103.53,104.93,113.13,129.35,107.51,97.26,82.37,75.00
2018-03-03,74.80,59.03,51.40,51.40,51.62,59.34,74.80,74.80,75.68,74.80,72.46,72.38,69.93,65.00,63.09,65.26,65.34,71.77,76.47,76.73,76.36,71.89,65.95,51.40
2018-03-04,50.00,45.94,44.40,45.10,46.41,47.31,49.52,49.90,50.60,51.80,51.53,51.19,50.88,49.29,43.91,49.40,52.53,54.88,70.57,75.36,75.08,65.00,56.60,53.12
2018-03-05,46.82,43.75,42.97,42.93,43.75,46.82,67.79,74.49,93.04,92.77,89.31,86.56,77.71,77.71,79.05,82.32,89.15,80.92,93.61,89.10,76.27,74.77,72.90,66.25
2018-03-06,47.88,44.00,43.00,42.97,42.97,46.29,53.48,61.68,73.11,69.43,64.29,61.63,55.19,55.39,59.55,60.78,63.82,63.25,73.87,73.90,68.60,55.96,53.48,50.99
2018-03-07,43.91,39.12,39.00,39.00,39.11,42.97,49.90,56.10,62.06,58.96,52.31,52.84,47.99,48.21,50.75,53.60,55.35,57.10,71.03,72.04,58.67,53.94,50.00,46.60
2018-03-08,42.56,41.10,37.96,37.86,37.30,42.88,50.58,54.00,55.54,52.73,49.73,48.03,45.78,46.37,51.36,55.24,55.39,62.39,76.41,76.63,63.62,56.83,53.86,49.26
2018-03-09,46.50,43.86,42.97,42.50,42.46,44.76,52.10,55.54,56.94,55.33,52.24,50.90,48.67,49.34,51.65,53.00,55.79,57.96,74.81,75.08,57.02,55.90,52.76,51.14
2018-03-10,49.00,45.24,43.78,43.26,42.65,43.81,45.24,47.52,50.85,54.01,54.63,50.50,47.41,44.54,44.60,45.71,48.49,50.82,56.85,64.71,55.10,50.68,46.44,43.00
2018-03-11,41.57,40.00,34.94,31.51,35.00,40.68,39.25,40.68,44.86,50.00,69.96,89.62,91.22,46.93,35.28,40.16,49.19,54.43,74.18,74.49,56.95,52.42,46.62,40.68
2018-03-12,32.10,28.46,19.80,12.00,19.34,30.00,44.69,50.58,52.85,49.44,48.55,46.42,43.27,42.52,46.68,48.30,49.23,51.25,56.00,62.41,56.09,50.46,45.56,40.50
2018-03-13,40.68,32.90,28.86,27.00,29.49,40.30,50.74,59.00,66.10,57.90,50.72,44.81,42.75,43.27,46.61,51.75,59.03,66.50,78.94,92.77,74.72,68.01,62.44,51.46
2018-03-14,43.92,40.49,37.02,35.56,35.56,41.00,49.00,63.70,67.49,60.09,53.56,49.07,46.20,45.61,47.82,50.96,56.61,65.93,74.84,76.60,73.76,64.21,57.03,49.17
2018-03-15,47.20,44.92,43.68,42.26,41.42,45.00,59.41,66.70,73.73,64.41,62.85,63.20,56.27,56.56,60.99,63.83,65.19,66.57,74.03,75.56,66.94,56.35,52.07,45.45
2018-03-16,45.42,40.68,35.89,36.90,39.10,43.55,52.00,55.00,58.19,55.99,53.47,51.93,50.97,49.65,51.29,52.99,56.00,60.01,74.43,76.03,74.17,56.99,54.23,51.30
2018-03-17,57.00,51.00,49.72,47.77,46.72,48.09,52.53,56.56,60.44,66.80,66.41,54.14,48.22,45.13,45.19,47.31,50.56,52.53,63.25,73.30,64.13,57.40,57.80,52.14
2018-03-18,46.38,43.69,40.56,38.61,36.98,37.89,37.60,36.29,37.05,41.07,42.95,40.75,42.39,39.34,33.86,35.42,45.73,49.49,60.00,67.13,65.77,59.95,54.92,48.67
2018-03-19,45.87,41.90,40.00,37.70,38.10,43.04,56.81,65.80,69.27,69.42,65.88,63.36,55.23,53.97,57.58,60.26,68.25,66.02,72.31,94.41,67.42,61.71,58.61,50.85
2018-03-20,46.60,46.36,44.53,45.94,46.48,48.24,58.15,69.88,73.32,70.26,65.17,61.21,56.35,56.23,63.81,69.85,69.87,73.20,74.93,75.68,71.73,61.39,56.25,52.11
2018-03-21,47.48,43.10,41.52,41.92,42.39,44.35,55.69,69.73,75.59,67.71,58.86,55.99,53.71,54.07,55.01,56.38,58.47,61.08,71.42,79.14,66.61,58.67,56.51,49.68
2018-03-22,58.56,51.61,53.92,48.77,48.13,51.23,59.55,72.54,79.28,75.51,68.47,61.77,57.68,56.58,59.52,66.57,72.07,78.82,92.02,107.57,81.37,71.63,63.18,57.02
2018-03-23,44.30,42.68,40.09,39.49,39.55,43.57,53.12,64.25,68.64,63.78,57.04,53.81,48.97,48.33,48.34,51.40,54.34,57.99,69.16,77.03,71.22,58.62,54.94,49.37
2018-03-24,47.39,46.08,45.63,44.76,45.07,45.26,45.60,47.39,49.99,52.73,48.76,47.58,46.08,45.00,43.77,45.50,47.10,51.50,72.01,80.00,66.63,53.35,47.68,46.08
2018-03-25,46.74,46.00,41.92,37.85,37.43,42.95,42.24,43.67,46.08,46.08,46.36,46.17,45.70,42.10,37.95,35.60,39.82,45.01,51.18,70.00,70.00,60.63,54.87,49.39
2018-03-26,44.12,39.53,38.92,38.01,37.25,40.86,52.28,63.37,78.80,74.54,60.87,56.25,52.36,51.26,51.12,51.28,53.89,55.58,75.92,110.32,89.07,74.97,55.83,52.38
2018-03-27,54.01,51.80,51.51,49.19,47.67,51.51,54.40,74.39,78.00,61.01,55.80,52.03,49.16,47.25,49.33,50.72,50.87,52.70,56.54,76.75,71.30,56.65,54.57,49.44
2018-03-28,51.60,48.00,45.01,45.16,43.96,46.88,52.99,56.99,71.03,56.80,52.65,49.87,49.01,48.32,48.84,49.33,50.52,51.67,59.90,77.59,73.44,59.25,56.29,52.71
2018-03-29,47.66,45.00,42.67,41.00,40.50,45.43,49.30,57.57,71.35,65.70,57.47,47.82,45.27,43.17,47.72,48.58,50.29,49.85,56.71,73.16,66.40,55.00,51.17,48.50
2018-03-30,46.60,43.29,41.63,40.00,40.00,45.16,49.56,61.18,77.54,76.61,61.33,51.50,48.38,46.65,48.61,50.19,50.77,51.95,55.61,75.53,68.00,54.76,51.53,48.01
2018-03-31,46.23,35.95,31.00,29.04,26.67,28.18,27.84,44.13,46.21,47.30,48.81,44.63,39.51,32.23,30.42,31.30,34.87,45.30,50.53,53.84,50.61,47.79,44.33,40.04
2018-04-01,40.33,33.08,25.85,19.19,17.81,27.20,29.93,25.79,26.32,25.70,16.97,16.57,11.31,9.87,9.29,6.97,9.71,35.56,48.15,56.63,75.53,74.39,59.99,54.59
2018-04-02,54.47,49.95,46.97,46.01,46.04,49.95,54.22,54.47,54.47,50.76,49.60,46.29,40.00,24.93,21.75,29.92,44.36,50.00,57.33,78.36,100.53,89.30,78.39,62.25
2018-04-03,52.16,47.75,44.29,43.93,39.00,40.49,49.75,52.71,60.82,56.47,52.16,51.44,48.00,46.53,49.50,51.05,53.44,54.76,59.87,67.44,77.49,67.30,57.21,50.89
2018-04-04,48.51,46.32,46.46,50.95,50.95,53.00,58.85,62.80,80.00,78.35,68.79,59.57,56.18,53.66,59.08,56.29,54.77,55.22,57.75,67.62,77.02,62.66,56.58,50.70
2018-04-05,49.50,45.93,43.09,42.56,42.85,45.57,52.50,57.28,64.57,56.13,52.41,50.64,46.42,44.54,44.75,48.62,50.30,49.95,53.95,63.99,75.44,58.37,54.47,49.50
2018-04-06,53.07,49.95,46.45,45.93,44.85,48.48,55.10,62.29,80.41,65.76,55.16,47.90,43.77,42.25,45.02,48.99,50.61,52.50,57.02,70.14,78.34,61.14,56.71,50.77
2018-04-07,51.40,46.50,44.83,44.98,45.76,48.19,53.24,58.59,65.91,56.21,48.48,44.37,37.22,21.74,20.00,29.94,39.93,48.48,57.71,70.43,78.75,72.63,58.07,51.40
2018-04-08,50.89,47.19,43.86,43.01,41.71,45.70,45.76,45.85,45.31,38.61,34.98,30.00,19.86,19.23,9.39,12.36,20.00,41.00,49.30,58.51,76.28,60.40,53.88,48.95
2018-04-09,46.29,35.00,32.28,33.68,35.99,40.00,50.52,61.90,80.58,77.42,70.57,60.00,56.22,52.74,55.33,57.94,59.15,57.47,58.80,68.87,76.97,60.97,56.78,50.96
2018-04-10,45.76,35.20,35.00,35.00,35.35,43.02,51.48,56.18,67.90,58.46,54.17,52.82,50.22,50.00,51.21,51.97,54.13,55.72,60.66,75.94,77.56,58.88,52.69,49.52
2018-04-11,54.57,50.52,49.07,46.05,46.05,49.07,55.03,75.53,90.49,77.07,60.82,55.78,52.47,52.50,53.35,53.89,54.57,55.00,54.99,61.50,69.89,62.18,56.10,51.63
2018-04-12,49.52,47.93,46.00,45.00,45.08,48.19,52.76,64.63,80.94,70.38,58.80,54.96,52.61,52.34,50.86,52.00,51.99,52.12,54.01,62.94,67.80,56.79,54.04,49.76
2018-04-13,51.04,47.48,44.83,44.83,44.86,47.91,55.38,62.29,77.49,65.41,58.74,55.21,50.12,49.55,50.11,51.30,52.00,55.21,58.05,63.17,69.07,58.87,54.98,49.52
2018-04-14,58.81,47.23,44.99,43.09,41.78,44.00,45.61,48.49,51.00,51.35,49.52,47.10,40.52,30.82,28.61,33.00,42.69,44.00,47.71,50.71,53.62,48.95,47.59,42.70
2018-04-15,45.16,31.59,30.73,29.16,27.32,39.30,43.50,41.99,47.66,49.00,49.54,49.16,49.07,43.50,39.40,43.84,48.87,48.86,52.00,59.52,76.69,76.68,62.43,56.38
2018-04-16,48.19,42.25,42.05,41.03,41.86,42.72,50.66,58.33,76.98,75.00,61.26,59.99,52.99,52.02,54.70,52.99,54.44,56.71,57.94,64.67,74.21,62.20,58.42,50.82
2018-04-17,47.18,40.83,40.40,39.70,39.96,39.94,54.00,56.93,61.98,56.95,54.11,52.20,50.38,50.49,51.46,51.47,53.07,53.60,55.67,61.67,64.95,59.93,55.26,49.09
2018-04-18,48.60,45.65,41.15,33.75,36.00,43.99,48.41,56.11,63.00,55.97,49.02,48.07,44.00,42.99,45.27,47.56,48.41,48.92,52.71,59.54,62.16,59.33,53.03,47.60
2018-04-19,40.00,39.14,33.28,31.01,31.10,39.45,48.34,53.49,60.40,49.17,47.73,43.56,36.52,34.37,35.55,41.85,46.47,48.18,50.74,60.74,66.44,56.21,49.28,46.40
2018-04-20,45.98,37.21,33.04,30.34,30.81,44.04,49.50,54.50,60.10,50.39,48.41,44.90,38.84,35.00,34.97,37.89,45.09,48.51,49.86,57.52,61.11,56.20,49.05,45.76
2018-04-21,48.41,45.48,40.94,44.74,45.47,46.77,44.97,51.97,59.11,59.11,50.13,48.41,41.55,30.97,30.00,35.92,48.41,50.10,54.70,65.06,64.72,60.60,56.08,45.80
2018-04-22,56.88,48.16,45.63,39.97,48.88,56.90,49.34,50.13,48.41,46.04,42.72,33.55,32.00,26.61,22.32,30.00,35.00,43.00,51.33,65.43,77.54,76.10,61.70,52.59
2018-04-23,47.42,36.93,36.30,36.12,36.07,37.70,46.73,58.90,63.99,59.14,50.62,49.10,36.61,35.35,42.35,49.45,50.00,52.00,55.76,63.91,65.45,60.83,51.87,45.85
2018-04-24,42.35,36.50,35.40,32.45,31.62,36.09,50.14,60.44,70.50,74.91,72.00,63.80,55.97,54.02,58.08,61.32,63.92,61.43,61.67,64.42,67.14,59.48,52.13,49.10
2018-04-25,45.05,38.02,35.43,34.85,43.27,47.59,46.83,48.11,46.67,45.54,42.62,32.90,31.15,25.35,22.07,21.28,25.80,27.00,46.94,54.78,63.35,61.33,55.68,49.01
2018-04-26,53.37,39.93,36.46,35.71,39.31,39.83,53.19,57.86,63.66,61.88,54.24,50.07,44.51,41.46,47.94,49.82,50.96,53.77,55.67,62.56,67.05,61.62,56.15,46.89
2018-04-27,44.85,39.46,37.78,36.67,35.99,39.75,49.12,55.77,60.19,54.39,49.10,46.62,38.70,35.13,40.54,46.35,49.10,49.10,49.75,56.67,65.66,55.41,50.32,46.16
2018-04-28,41.69,36.21,34.13,33.65,31.21,32.16,36.72,48.14,54.57,55.97,53.06,49.00,44.00,32.01,32.00,40.01,46.23,48.15,49.05,54.84,60.49,52.14,46.22,40.29
2018-04-29,49.10,42.60,36.65,34.83,44.76,49.10,47.74,48.32,47.74,47.00,43.61,34.07,30.10,18.90,15.00,23.78,29.91,36.96,45.99,55.61,63.66,61.55,55.33,48.00
2018-04-30,42.14,33.60,29.30,28.50,29.51,48.16,49.43,58.15,59.41,55.15,50.00,46.90,40.00,37.42,39.01,45.90,48.59,48.89,50.20,58.50,62.86,61.19,52.14,48.31
2018-05-01,48.73,45.50,36.00,30.00,35.93,39.41,37.98,42.84,43.84,40.85,40.36,35.49,32.51,28.77,28.10,30.00,34.02,43.99,51.00,56.63,61.77,61.10,56.28,47.85
2018-05-02,45.16,35.73,29.51,29.51,31.50,45.15,51.85,58.89,65.22,59.43,57.17,53.98,46.16,41.92,48.11,49.47,50.00,50.93,52.02,56.16,57.49,55.00,46.22,42.92
2018-05-03,35.95,32.12,29.77,28.01,25.65,29.01,40.56,49.91,60.11,59.64,54.92,51.66,50.30,49.79,51.52,54.72,58.49,57.97,53.19,60.79,64.87,58.18,51.12,44.20
2018-05-04,47.48,44.47,42.12,39.75,40.32,47.61,52.71,66.57,75.52,75.41,69.86,65.68,59.82,56.79,59.95,60.68,61.19,61.61,62.18,68.06,69.18,70.06,56.47,50.44
2018-05-05,49.55,45.91,41.37,41.05,39.89,41.23,39.58,52.56,62.52,63.11,61.77,54.72,53.10,50.38,46.91,50.76,52.11,50.71,52.61,54.16,60.09,52.16,49.24,49.66
2018-05-06,51.30,46.30,38.89,32.92,46.77,51.93,47.64,49.30,51.46,51.95,54.41,50.66,45.00,36.38,33.01,39.68,42.61,45.84,52.29,59.65,65.19,64.74,60.99,53.52
2018-05-07,39.83,31.90,31.22,26.25,23.75,29.85,45.23,57.00,62.10,60.70,56.88,55.36,51.46,49.94,52.52,53.50,54.00,54.32,56.40,60.64,62.22,59.87,55.65,50.39
2018-05-08,46.93,38.83,35.12,32.10,32.54,41.35,51.95,59.55,62.36,61.41,55.64,52.40,46.62,47.18,51.20,52.20,53.33,53.14,55.91,58.93,62.37,58.37,53.94,49.77
2018-05-09,52.63,51.26,45.90,41.75,41.92,48.58,52.99,63.05,79.76,68.99,63.16,60.08,52.63,52.39,54.20,54.08,55.70,56.60,57.50,62.65,67.80,62.62,56.05,51.49
2018-05-10,50.03,44.66,36.74,34.76,34.19,41.93,55.21,61.59,67.92,66.19,61.85,60.98,54.64,53.72,54.66,57.92,59.95,60.13,59.89,63.77,67.95,63.76,58.28,53.82
2018-05-11,52.01,47.10,40.09,37.86,37.90,46.61,56.80,68.75,72.71,70.00,61.67,54.67,52.13,51.49,53.82,55.39,60.82,62.05,67.68,73.87,80.12,73.69,67.09,53.33
2018-05-12,55.53,49.50,43.75,37.94,38.85,40.02,40.47,50.73,52.43,54.98,53.82,49.46,41.25,35.97,34.00,38.25,47.71,46.27,48.96,60.02,66.60,63.16,53.46,47.75
2018-05-13,44.49,39.44,35.16,28.64,36.62,42.25,40.00,38.24,38.13,36.59,36.60,35.74,33.00,20.00,15.00,19.90,29.27,31.00,40.50,52.72,58.85,59.78,53.33,49.75
2018-05-14,33.50,23.83,20.00,14.93,15.62,26.00,43.30,54.06,58.16,55.83,51.79,47.71,39.94,37.40,42.35,48.75,50.75,50.94,53.19,58.41,61.94,59.71,55.60,48.90
2018-05-15,52.53,43.89,39.90,38.10,40.50,49.75,56.57,63.94,67.07,61.69,55.00,54.93,50.00,48.95,51.26,52.70,53.19,53.19,54.63,59.61,63.94,60.18,55.12,50.62
2018-05-16,52.15,39.56,33.98,33.03,36.46,48.25,54.21,60.97,70.00,61.73,55.70,54.19,51.15,50.24,52.70,54.19,55.01,55.01,58.00,62.72,72.51,66.26,55.80,52.01
2018-05-17,52.68,52.47,49.70,44.87,48.54,52.55,64.61,79.22,79.62,68.70,67.62,63.81,54.19,54.19,56.00,58.64,61.14,61.14,62.90,68.70,75.36,74.94,62.38,54.19
2018-05-18,63.09,52.56,48.21,47.72,47.73,53.04,56.77,68.80,70.10,64.12,60.52,54.76,52.70,52.70,53.52,56.02,56.43,56.43,58.11,66.71,71.24,65.63,55.08,52.39
2018-05-19,65.98,55.18,49.14,47.23,45.59,45.44,47.47,53.52,54.19,53.89,53.70,52.15,41.95,35.00,34.51,39.00,49.68,47.41,50.49,64.44,69.23,68.05,56.22,49.19
2018-05-20,64.39,54.33,51.41,46.34,51.92,53.19,52.70,51.52,51.00,46.52,40.60,39.45,33.42,28.00,20.07,33.42,42.29,47.00,53.20,60.00,70.11,71.76,63.69,59.84
2018-05-21,54.62,53.07,47.54,50.14,52.38,54.62,62.64,67.83,79.36,79.36,75.00,75.00,63.25,63.25,65.88,70.00,78.27,78.24,79.36,79.76,81.39,73.28,66.20,60.40
2018-05-22,56.63,47.96,45.08,45.04,45.05,44.98,54.60,61.40,65.88,60.87,58.00,56.99,54.12,54.12,55.44,58.05,58.20,59.01,59.03,64.16,65.35,64.16,58.10,51.89
2018-05-23,53.97,50.67,49.30,48.85,48.78,49.79,53.86,67.98,75.00,66.00,60.66,58.00,54.62,54.62,55.62,57.08,57.36,58.00,59.84,63.83,74.39,64.37,58.19,52.55
2018-05-24,54.62,53.12,51.55,50.10,49.15,51.55,55.43,60.77,64.50,58.94,55.38,53.51,49.17,49.50,52.74,54.12,55.43,56.00,60.00,68.25,79.76,75.09,61.44,54.12
2018-05-25,52.06,48.07,46.70,46.01,45.83,47.51,54.62,61.76,70.69,65.70,59.21,58.11,52.55,52.55,54.86,56.75,59.14,59.21,61.01,75.76,74.33,72.73,59.48,55.86
2018-05-26,59.66,45.95,43.97,42.71,42.33,42.04,44.03,48.15,50.91,54.21,55.01,51.95,45.27,39.15,40.52,43.92,49.97,49.58,51.21,60.98,63.66,64.72,61.42,46.98
2018-05-27,46.71,42.81,38.57,38.14,40.18,43.90,39.13,39.13,36.71,38.00,40.33,37.51,34.50,26.24,24.52,37.22,43.92,48.90,54.12,61.75,73.45,73.78,72.70,55.00
2018-05-28,52.23,37.94,40.12,36.44,37.03,42.05,51.80,63.31,66.61,63.90,60.15,59.50,57.00,55.84,60.15,60.81,63.37,63.37,66.61,74.21,74.06,72.03,65.40,55.01
2018-05-29,62.08,62.80,54.00,53.15,51.28,54.01,60.99,69.63,80.00,66.61,64.50,59.12,54.37,54.40,57.28,59.61,65.03,63.26,66.11,73.49,75.71,73.32,63.26,55.01
2018-05-30,56.10,49.37,45.73,43.84,43.11,46.51,55.04,62.14,75.00,67.45,60.18,58.21,56.22,55.59,56.10,59.81,63.02,63.23,66.66,73.70,74.61,72.45,63.17,55.01
2018-05-31,57.79,56.72,46.26,44.78,45.11,44.81,63.26,77.74,81.20,79.53,71.13,66.06,58.41,58.30,63.13,64.91,66.32,66.15,72.61,80.00,81.58,80.44,71.36,58.08
2018-06-01,60.61,52.82,43.42,42.93,43.05,44.14,57.00,67.14,77.35,71.56,67.14,64.06,56.02,56.02,59.41,64.87,67.14,66.97,72.33,78.06,78.23,73.34,69.07,57.34
2018-06-02,57.39,55.14,54.58,53.63,60.28,63.26,59.24,53.23,47.73,47.28,48.96,43.96,40.25,36.21,36.45,40.63,53.19,46.99,59.78,66.85,69.89,71.80,67.58,61.18
2018-06-03,56.82,53.92,49.12,44.74,46.32,46.68,43.27,45.54,40.47,40.35,44.78,36.10,34.07,26.00,24.42,33.53,42.99,43.85,53.32,63.98,70.85,73.29,70.13,62.45
2018-06-04,55.74,52.51,51.22,48.11,44.27,49.40,57.92,70.01,84.82,80.00,70.00,68.11,62.83,63.51,65.81,65.90,68.44,66.66,66.50,70.00,76.26,76.34,63.86,59.78
2018-06-05,57.13,55.94,48.00,42.31,39.90,41.63,58.61,63.53,73.33,70.00,66.84,62.94,56.29,56.15,58.81,61.18,66.06,61.56,63.15,68.35,70.85,70.10,61.74,56.92
2018-06-06,52.93,47.55,44.57,42.80,38.97,40.77,52.59,60.33,67.33,65.94,61.05,60.07,54.90,54.90,60.07,62.51,65.00,68.41,63.83,71.03,72.37,72.56,65.32,56.96
2018-06-07,57.64,52.39,49.93,46.49,45.49,47.86,61.04,66.07,73.83,68.25,66.15,64.15,56.29,56.29,62.17,66.15,68.00,66.15,66.15,73.06,71.59,71.27,64.22,56.62
2018-06-08,55.90,51.88,49.86,48.09,47.84,49.82,58.56,65.65,79.44,79.44,73.31,70.75,61.42,57.94,60.36,60.27,59.50,59.24,58.79,63.38,64.00,62.83,58.00,52.68
2018-06-09,54.86,51.40,41.00,40.00,38.61,38.30,38.90,49.62,53.11,54.27,50.00,41.40,40.00,39.57,38.95,39.48,39.00,47.53,53.63,61.77,64.90,65.19,57.06,54.33
2018-06-10,56.12,52.91,49.83,44.64,46.34,48.38,44.77,45.68,45.59,53.24,55.61,52.93,46.00,39.02,37.30,40.99,50.00,52.03,56.64,61.07,68.77,70.34,66.33,56.51
2018-06-11,56.55,54.83,53.61,50.84,50.31,53.49,62.79,68.02,74.34,71.01,67.11,65.50,62.79,62.97,67.45,69.38,71.60,72.52,72.55,75.31,75.00,76.00,70.48,64.40
2018-06-12,55.84,50.67,45.16,44.62,44.63,44.48,57.90,67.67,70.02,69.00,65.15,62.93,57.52,57.12,59.25,62.09,64.98,65.16,63.39,67.05,67.39,66.43,58.12,53.38
2018-06-13,53.88,51.59,40.77,40.00,39.87,40.77,54.52,61.66,64.94,63.38,62.51,61.96,55.96,55.99,61.50,62.56,63.32,64.90,62.81,66.39,68.24,67.55,63.16,55.24
2018-06-14,55.69,54.69,48.27,45.00,47.68,51.46,59.41,67.59,70.26,69.41,67.59,61.18,58.13,58.13,60.15,60.17,63.59,63.60,64.29,69.41,71.01,71.00,62.51,57.73
2018-06-15,57.06,51.43,41.14,39.00,39.00,39.58,51.88,59.92,61.76,61.27,60.23,58.79,55.51,54.61,57.68,57.77,56.60,56.65,59.44,61.05,61.43,61.41,60.20,52.27
2018-06-16,58.97,58.97,56.17,53.79,52.70,51.74,52.90,54.54,58.41,58.03,54.88,50.35,42.50,37.00,37.10,38.50,42.00,52.58,56.91,60.92,61.64,63.00,59.26,57.18
2018-06-17,54.01,48.03,47.37,44.01,44.63,45.59,44.59,45.70,44.05,46.64,53.11,44.69,46.93,39.50,39.00,43.01,55.00,55.00,56.00,58.06,59.25,64.21,60.97,56.97
2018-06-18,51.60,46.69,45.48,43.89,43.80,46.36,56.70,59.65,61.25,61.00,58.65,57.86,56.22,55.98,58.67,59.42,60.00,59.99,59.91,62.59,63.87,62.93,59.69,55.83
2018-06-19,57.69,53.36,45.01,42.01,43.01,44.01,53.21,57.52,59.14,59.66,59.77,58.54,54.85,54.63,56.72,60.55,59.77,61.15,61.21,66.28,68.29,65.75,61.35,56.50
2018-06-20,59.10,56.35,55.26,54.37,54.37,54.02,58.09,59.65,61.68,61.68,59.17,59.56,57.99,58.00,60.23,62.26,62.73,63.37,68.01,72.65,73.61,68.83,64.07,60.38
2018-06-21,69.79,64.42,61.14,57.51,57.66,59.69,63.08,66.78,67.14,66.78,63.91,64.24,60.74,60.75,64.58,65.71,65.91,66.00,68.63,71.39,71.76,69.39,66.20,61.24
2018-06-22,63.89,58.53,56.06,56.46,56.00,54.24,60.74,69.06,72.57,69.55,66.62,66.52,60.99,59.65,61.28,61.79,63.00,64.77,62.00,63.50,63.96,64.18,61.59,59.00
2018-06-23,67.42,59.99,55.41,53.15,51.19,46.05,50.00,49.36,53.86,53.19,52.34,45.69,35.30,30.17,29.99,30.90,38.61,48.96,53.47,57.48,59.95,58.61,57.21,54.37
2018-06-24,58.11,53.68,52.04,46.69,45.64,45.62,42.02,43.36,43.36,50.00,52.92,51.19,50.15,45.83,42.10,50.22,54.14,53.61,55.40,57.26,64.25,67.24,65.72,56.34
2018-06-25,60.24,56.81,53.60,53.32,52.20,51.45,58.16,58.98,63.61,62.89,61.60,59.53,57.61,57.61,59.16,58.53,59.73,58.53,61.91,62.54,61.82,61.12,59.22,55.95
2018-06-26,58.61,54.14,51.40,48.08,45.83,44.00,53.03,55.59,58.95,57.61,56.13,56.03,53.27,52.49,55.64,56.53,56.63,56.58,56.51,59.65,59.86,59.51,57.64,55.07
2018-06-27,60.00,58.07,55.91,52.57,51.96,51.95,58.23,57.61,60.96,62.14,59.72,59.94,54.72,56.51,57.11,59.61,63.77,60.77,59.23,60.63,62.41,63.07,62.10,58.48
2018-06-28,59.40,57.29,55.41,52.52,52.69,54.46,58.61,59.54,61.29,61.63,59.97,60.50,55.12,55.31,58.80,60.94,61.63,60.43,59.93,64.65,65.18,65.89,65.85,60.33
2018-06-29,63.52,58.54,55.91,55.39,54.35,54.59,59.25,62.79,70.07,65.13,60.00,59.60,55.91,55.39,57.37,58.16,59.00,59.50,63.58,65.77,67.01,63.97,62.09,59.58
2018-06-30,64.93,59.55,55.50,54.75,54.25,49.27,54.85,58.27,60.51,57.76,54.95,47.54,43.12,38.23,38.01,38.01,45.00,56.17,61.91,64.80,66.93,65.62,63.24,61.93
2018-07-01,64.94,52.97,51.81,54.60,51.48,45.05,40.21,42.92,44.76,52.66,56.91,54.98,52.29,48.03,44.10,49.11,54.35,55.91,58.08,65.32,69.23,70.38,69.48,63.15
2018-07-02,51.55,48.84,47.80,47.39,47.30,47.42,61.14,62.00,65.00,63.02,62.00,60.97,56.42,57.63,57.63,59.28,60.27,62.00,63.97,64.36,65.16,65.57,62.26,60.83
2018-07-03,60.98,58.15,54.19,51.83,51.68,51.35,59.19,60.35,63.45,63.00,62.32,61.78,61.44,61.47,63.38,63.39,64.25,64.97,64.62,64.52,66.99,68.34,66.45,63.11
2018-07-04,70.91,67.97,61.31,59.96,59.95,59.97,67.95,71.91,81.96,78.98,74.37,72.78,68.88,68.75,75.00,75.00,76.11,80.79,77.14,81.87,79.54,78.31,75.00,70.93
2018-07-05,70.88,65.03,59.19,55.88,55.21,55.85,60.41,61.61,66.11,63.70,63.25,62.09,61.89,61.66,61.97,63.25,65.74,67.24,67.35,68.88,69.34,68.54,64.06,61.95
2018-07-06,62.00,58.01,53.99,52.51,52.80,53.05,58.95,65.10,69.29,69.29,66.00,61.97,59.00,58.65,60.03,63.74,66.25,66.00,68.08,69.72,70.32,69.22,66.71,63.43
2018-07-07,69.77,62.66,58.64,57.80,56.86,51.34,55.63,57.65,59.01,56.45,52.40,46.21,44.19,42.33,37.00,38.26,43.10,51.00,58.56,65.75,65.84,65.02,65.51,60.43
2018-07-08,65.01,62.26,58.89,58.19,58.19,55.93,52.55,50.00,41.88,42.86,48.80,46.06,42.35,38.16,36.93,41.25,50.52,53.91,60.00,66.63,73.41,74.58,72.38,65.86
2018-07-09,61.69,60.49,55.68,49.23,50.83,52.73,60.02,60.66,63.29,63.63,60.98,59.85,57.86,58.61,61.18,62.91,64.25,67.06,67.25,69.69,69.73,69.99,68.39,64.27
2018-07-10,68.65,67.99,60.49,59.93,59.84,59.94,62.80,66.14,68.61,66.41,65.83,65.15,60.98,61.07,64.57,65.28,66.69,69.32,71.98,74.09,74.42,73.76,70.87,65.99
2018-07-11,70.00,65.34,61.22,59.93,57.91,59.54,60.26,63.50,68.12,69.33,67.53,65.79,63.17,62.14,63.99,66.17,66.75,66.94,69.20,70.97,71.32,71.29,66.95,63.25
2018-07-12,64.71,60.00,56.67,56.58,56.32,58.04,61.00,65.08,69.79,70.49,66.73,65.61,61.45,61.05,64.10,63.56,66.76,67.34,71.52,75.79,76.32,75.06,71.95,66.41
2018-07-13,67.40,62.39,59.51,57.93,57.05,59.88,63.00,68.45,77.15,76.70,73.74,72.53,64.01,63.78,67.15,66.66,69.63,71.48,75.18,78.74,78.97,77.34,71.78,68.17
2018-07-14,64.71,60.36,56.81,56.36,55.97,55.25,55.91,56.48,59.86,61.50,59.10,57.16,50.52,48.00,46.76,51.60,57.19,62.41,63.55,68.64,69.47,69.38,64.42,63.07
2018-07-15,71.02,64.36,61.01,57.01,56.31,56.32,50.17,50.24,48.43,48.80,50.60,47.06,45.78,42.99,40.70,41.90,51.50,55.86,59.88,68.88,71.22,71.67,70.98,63.12
2018-07-16,54.11,51.37,49.82,48.49,49.02,52.58,60.00,62.47,68.33,68.77,67.11,65.59,63.60,64.53,65.80,69.03,69.92,70.69,72.56,72.78,70.88,72.12,67.74,63.04
2018-07-17,61.79,60.15,56.66,54.78,53.64,55.68,59.39,61.75,65.57,66.98,66.96,64.75,63.73,63.50,62.68,63.98,66.71,67.45,66.48,69.70,70.45,70.45,63.47,60.90
2018-07-18,59.95,59.15,58.67,56.11,56.14,57.66,62.00,70.49,75.15,74.94,70.57,68.37,62.22,63.60,67.00,67.50,72.00,75.82,78.30,79.78,80.01,80.01,76.03,67.85
2018-07-19,63.00,62.00,58.02,55.93,55.33,56.06,59.39,60.01,67.19,69.00,64.84,62.00,60.00,60.00,64.39,66.46,69.22,70.99,72.79,75.72,75.79,73.21,70.63,64.84
2018-07-20,70.36,64.99,61.89,59.49,59.49,59.43,63.30,69.79,74.80,72.53,68.43,68.72,63.32,62.17,67.75,68.38,73.23,71.12,75.13,78.29,75.50,75.68,69.70,66.12
2018-07-21,72.27,68.38,66.26,62.67,61.31,58.95,58.13,59.80,62.12,62.70,59.96,58.46,57.98,56.13,55.63,56.66,58.46,63.14,68.00,72.22,74.69,73.18,67.65,63.00
2018-07-22,56.10,56.79,51.90,50.57,49.92,48.93,47.38,47.66,48.47,46.43,44.50,44.78,43.58,41.98,41.25,41.40,42.87,49.36,59.94,62.18,67.23,70.66,66.37,62.03
2018-07-23,60.28,53.83,51.10,50.31,51.01,52.74,58.62,62.00,72.19,71.47,67.39,62.75,60.74,61.10,62.28,64.04,65.00,63.20,64.31,66.26,66.77,65.94,64.88,62.66
2018-07-24,60.17,55.20,51.85,51.75,46.78,48.37,54.39,60.63,62.30,61.92,61.92,63.15,61.21,61.02,64.58,64.73,65.50,64.36,64.62,68.20,68.81,69.13,67.55,63.33
2018-07-25,63.52,58.59,54.37,53.40,52.75,54.20,60.49,65.26,67.09,66.25,63.40,61.93,59.55,60.42,61.53,62.48,63.63,66.06,65.80,69.98,70.79,68.76,66.37,64.09
2018-07-26,64.43,60.74,59.28,58.42,58.42,58.80,61.90,63.70,66.92,66.21,66.72,65.03,63.00,62.96,63.49,64.59,66.00,68.49,70.06,73.28,73.83,73.76,69.11,66.16
2018-07-27,65.15,61.50,60.17,59.89,59.89,60.17,62.26,68.56,72.92,72.13,71.11,69.08,65.00,64.05,65.10,66.23,69.25,71.36,73.44,73.57,73.22,72.89,67.64,65.54
2018-07-28,64.86,63.52,60.76,59.40,59.22,59.28,59.17,61.62,64.23,64.20,60.76,60.17,58.35,57.36,56.83,57.42,60.17,63.01,68.28,73.05,73.30,73.32,68.95,68.38
2018-07-29,64.99,61.04,59.23,58.36,57.42,55.86,52.26,53.84,46.88,47.13,47.90,49.16,46.32,43.02,42.10,42.76,50.84,57.97,61.32,65.82,72.46,74.04,73.48,69.24
2018-07-30,66.94,61.18,60.03,58.25,58.25,61.00,65.00,69.19,76.91,71.67,67.27,67.10,65.43,66.47,70.74,72.25,83.40,77.54,78.69,79.38,81.06,82.52,76.58,71.56
2018-07-31,70.95,63.58,61.03,59.25,58.25,59.69,61.03,63.58,70.13,69.81,67.79,66.74,63.67,65.24,67.40,67.72,71.01,70.24,75.14,77.93,78.08,77.30,72.84,68.13
2018-08-01,80.95,74.18,65.62,64.56,64.49,65.20,71.03,66.69,69.74,69.40,71.01,71.11,66.30,70.00,75.14,77.01,79.28,79.33,79.55,80.89,80.88,80.71,76.05,69.50
2018-08-02,79.58,74.63,69.12,67.45,66.12,68.00,72.03,69.82,76.25,73.63,69.96,69.54,65.28,68.60,74.48,75.00,75.47,77.78,77.92,80.00,80.84,80.76,78.17,70.60
2018-08-03,77.61,70.32,65.55,63.99,63.11,65.00,69.06,69.83,73.22,72.52,75.07,75.24,69.68,69.91,72.52,74.29,75.46,79.17,79.25,80.66,81.02,78.77,73.43,69.68
2018-08-04,76.82,70.34,65.97,61.61,61.03,61.03,60.25,61.61,65.40,65.24,64.52,63.88,63.49,63.21,63.23,63.25,64.55,66.42,71.06,74.84,78.61,76.48,73.17,70.02
2018-08-05,73.42,69.46,66.82,66.74,66.18,66.17,63.80,62.26,60.81,61.39,64.61,64.16,64.18,62.97,62.87,63.84,65.63,65.94,67.82,73.37,81.37,81.54,75.55,70.62
2018-08-06,68.97,67.71,65.80,64.66,64.60,64.57,65.68,69.55,72.42,72.79,70.39,68.81,67.07,67.03,67.01,68.91,69.81,74.95,80.36,83.22,83.63,80.65,76.10,70.93
2018-08-07,71.46,65.85,62.46,61.59,60.55,62.36,62.00,65.81,68.92,72.00,69.00,67.94,66.92,65.75,66.11,66.99,70.49,75.73,81.74,83.84,83.17,80.31,72.37,69.64
2018-08-08,74.62,69.51,64.94,62.46,62.36,64.45,64.45,70.10,72.41,72.54,70.04,70.23,68.34,69.42,70.89,72.04,78.73,80.23,86.05,87.79,89.44,84.23,80.52,70.82
2018-08-09,69.42,63.95,61.61,60.29,60.09,61.72,60.87,65.10,67.60,68.53,67.03,66.91,64.12,62.74,63.72,65.72,68.73,71.27,73.84,77.51,77.88,74.11,69.05,67.91
2018-08-10,73.98,69.15,65.72,61.67,60.55,62.14,63.50,71.28,72.53,71.46,70.80,70.27,68.22,65.56,67.74,65.54,66.72,68.13,72.38,75.72,74.82,75.90,70.06,68.52
2018-08-11,70.32,65.96,64.21,64.01,63.94,63.55,60.55,62.79,63.70,63.77,58.30,56.90,55.80,53.71,53.70,54.75,56.97,61.46,65.66,72.21,74.44,74.89,68.14,66.23
2018-08-12,66.83,62.33,61.30,59.29,59.26,59.22,58.29,57.47,55.63,58.00,59.47,60.17,59.46,58.12,58.37,59.00,60.55,63.08,66.57,72.41,76.60,76.47,72.12,69.03
2018-08-13,66.28,63.53,60.02,59.42,58.49,59.42,59.08,62.23,63.98,64.28,61.38,62.00,61.91,59.81,59.42,60.01,62.64,66.65,69.57,71.03,74.77,70.15,68.88,66.42
2018-08-14,65.88,60.00,56.97,56.22,56.20,58.21,58.01,62.99,66.73,67.07,65.80,63.53,62.23,62.23,62.82,63.13,64.40,69.22,71.20,71.57,75.61,73.08,70.83,68.98
2018-08-15,66.25,64.00,58.77,59.66,62.40,67.07,65.04,65.04,62.82,61.24,60.42,60.00,59.39,53.00,51.00,57.38,60.42,62.82,67.02,74.19,79.67,79.55,79.59,76.19
2018-08-16,71.97,65.97,58.58,56.37,53.33,59.19,60.09,67.68,70.69,67.18,64.28,62.18,62.24,60.51,62.82,64.96,68.67,73.31,75.90,77.15,78.03,78.29,75.64,71.33
2018-08-17,65.38,58.38,55.06,53.99,53.97,56.24,59.17,64.74,67.22,67.61,65.07,62.82,61.96,59.27,59.42,62.06,64.00,68.06,69.44,71.85,75.47,74.52,70.64,68.16
2018-08-18,64.49,61.21,59.33,58.37,58.26,58.47,57.99,57.70,59.12,60.24,56.13,55.76,56.61,55.09,54.75,56.00,58.90,61.12,68.03,74.22,75.01,74.28,69.66,66.55
2018-08-19,63.26,61.58,64.42,57.84,57.61,59.44,58.27,55.94,55.07,54.96,56.48,55.53,55.54,53.44,55.52,58.81,61.04,62.00,63.51,72.67,76.38,76.65,70.05,67.05
2018-08-20,65.64,61.50,60.27,60.22,60.02,62.36,63.00,63.49,67.47,67.49,67.96,67.41,66.90,65.69,66.29,71.65,74.78,77.35,78.36,79.86,81.87,80.12,77.85,70.36
2018-08-21,67.10,62.92,62.36,61.06,61.06,62.90,65.00,69.07,73.95,72.47,69.05,67.14,64.53,66.77,67.88,67.12,72.12,74.53,79.04,80.57,79.95,77.48,73.04,68.23
2018-08-22,67.32,62.88,61.93,61.06,61.06,62.00,66.06,70.00,71.69,72.27,67.85,67.70,67.28,68.12,68.53,68.37,72.65,77.62,80.54,86.67,84.48,79.92,77.93,70.81
2018-08-23,67.90,63.49,61.34,60.14,60.47,61.50,66.67,69.91,74.76,73.49,70.10,68.77,66.94,66.99,67.67,67.00,67.86,72.57,76.21,78.30,78.61,77.16,73.47,67.60
2018-08-24,71.06,66.00,62.88,62.63,61.72,62.88,64.13,67.85,70.87,70.77,68.94,67.86,67.46,65.21,62.63,65.00,66.86,68.49,69.43,71.96,76.50,71.85,68.35,66.35
2018-08-25,72.89,70.93,65.17,63.49,63.28,63.49,63.17,65.05,65.48,67.90,64.36,63.75,64.47,62.37,61.21,61.47,63.00,64.00,67.24,70.02,75.73,71.59,69.88,67.39
2018-08-26,64.33,60.60,58.87,54.50,50.06,57.73,57.84,51.57,50.00,55.39,53.33,52.23,52.34,47.45,47.14,50.46,57.84,62.21,64.52,68.34,77.21,76.02,72.61,65.35
2018-08-27,61.27,59.31,54.49,52.13,52.13,57.06,61.20,64.10,68.24,67.41,67.12,64.51,63.74,63.93,65.75,65.91,67.98,70.25,70.89,76.67,79.00,76.62,75.14,71.17
2018-08-28,65.58,60.50,58.36,55.58,56.23,59.52,64.69,70.00,72.40,70.61,68.85,68.05,64.55,65.79,66.71,66.38,68.70,71.95,77.38,81.95,86.01,78.39,75.36,69.92
2018-08-29,64.96,62.40,60.02,59.97,59.98,62.13,66.90,72.25,74.27,74.28,72.16,71.10,67.97,68.32,71.79,71.76,72.80,73.91,77.69,78.78,78.96,74.97,74.20,69.75
2018-08-30,72.36,70.00,71.01,69.65,69.64,71.57,75.27,72.99,75.37,77.04,75.48,74.40,74.15,74.71,73.31,73.76,73.86,76.10,77.56,78.78,80.20,78.85,78.89,74.27
2018-08-31,72.50,73.03,68.00,68.00,67.86,69.67,72.53,73.70,77.17,76.93,74.68,73.49,72.50,71.00,70.80,72.53,75.72,76.97,77.98,78.89,79.18,76.90,74.52,71.36
2018-09-01,69.99,66.00,62.51,61.79,61.79,61.79,65.00,70.07,68.34,70.18,67.41,64.86,62.79,60.00,59.19,59.18,61.51,67.12,72.97,78.12,79.36,74.71,73.13,68.69
2018-09-02,69.84,63.60,62.45,62.99,62.79,65.26,66.57,62.79,63.00,62.79,63.39,62.79,61.45,57.00,55.41,59.00,60.90,61.02,65.64,74.21,76.27,74.98,71.57,66.01
2018-09-03,61.52,59.68,58.84,58.13,59.04,59.62,67.04,73.91,76.17,75.75,74.07,70.91,69.09,66.33,66.51,69.29,71.10,71.00,75.16,78.08,78.21,75.38,73.92,68.98
2018-09-04,65.74,63.23,62.24,61.05,60.80,61.61,67.10,75.31,77.06,77.11,74.59,72.16,68.78,67.72,67.66,67.87,70.04,73.86,77.51,79.39,79.50,77.04,73.18,68.01
2018-09-05,71.33,67.51,64.10,64.10,64.10,66.92,72.29,78.16,79.91,79.46,78.70,76.10,71.99,71.46,71.87,71.52,76.47,78.22,80.65,83.52,83.34,80.21,77.30,69.50
2018-09-06,76.64,76.76,75.57,70.28,70.28,74.00,75.57,75.91,76.42,76.36,74.91,73.40,71.06,69.63,70.24,70.28,75.57,76.45,77.99,80.14,79.26,78.08,76.95,72.53
2018-09-07,74.11,72.19,68.14,66.03,66.19,67.77,75.57,78.60,81.43,79.69,78.00,77.75,75.57,75.57,76.76,78.70,77.78,78.29,77.91,86.59,95.06,80.69,72.92,71.62
2018-09-08,74.17,72.13,70.55,68.17,67.85,67.89,72.58,72.93,74.35,71.03,68.18,67.01,63.99,59.24,58.03,59.72,65.08,69.06,73.21,79.26,83.00,75.69,73.82,69.51
2018-09-09,75.73,72.84,68.37,68.16,67.48,66.43,69.48,68.48,64.68,66.99,67.58,66.20,64.09,56.61,56.47,63.27,67.05,67.28,70.18,77.58,80.51,78.72,75.20,72.20
2018-09-10,72.04,69.84,68.32,67.45,68.13,71.08,75.07,80.78,110.91,96.00,89.03,89.02,80.32,80.34,100.00,118.96,127.21,107.96,100.00,113.51,115.14,84.26,80.10,74.17
2018-09-11,77.40,74.64,73.55,73.28,73.27,73.84,76.42,76.14,82.11,80.78,79.29,78.56,73.51,73.00,76.50,79.75,80.78,78.23,80.56,85.32,85.62,81.04,76.02,74.03
2018-09-12,77.89,75.05,74.56,73.70,73.47,74.94,79.76,79.93,94.75,96.33,88.85,84.66,79.67,78.73,88.59,94.32,101.80,101.68,100.46,117.38,115.58,92.17,84.61,77.99
2018-09-13,82.91,85.35,82.56,78.01,75.94,80.62,88.80,82.98,98.91,99.04,96.85,97.31,85.30,85.56,96.83,107.80,103.56,99.88,97.87,105.18,103.33,91.70,88.15,75.71
2018-09-14,78.47,78.51,75.87,75.26,75.25,78.12,84.81,82.53,93.78,89.23,84.85,80.52,75.80,76.04,80.40,87.39,89.55,93.74,90.69,101.98,96.32,83.33,79.90,74.27
2018-09-15,74.56,75.02,74.62,73.54,73.54,73.55,74.62,75.18,75.20,75.21,74.14,72.12,67.42,64.62,63.64,66.37,69.00,74.05,76.89,89.33,89.44,78.09,74.27,72.91
2018-09-16,69.90,69.56,66.56,64.39,64.02,64.00,67.18,64.51,63.35,65.22,65.15,64.63,63.25,61.59,60.89,61.97,65.58,69.98,70.73,75.26,79.27,76.06,73.77,69.96
2018-09-17,71.36,71.23,68.46,67.16,70.60,71.05,79.70,77.61,86.39,85.92,83.22,82.72,77.02,78.93,85.19,87.37,93.10,89.48,90.54,98.00,96.07,84.30,77.16,74.32
2018-09-18,75.89,75.22,73.74,72.59,72.40,74.16,76.94,85.27,89.39,92.50,85.64,85.10,78.97,80.45,85.12,85.61,86.96,83.57,85.00,91.21,89.23,76.72,76.78,74.48
2018-09-19,75.26,74.05,72.59,72.59,72.40,72.61,74.91,77.46,87.43,83.56,80.05,77.92,73.13,72.60,78.38,86.77,84.53,87.70,90.03,108.37,96.79,78.00,75.63,73.27
2018-09-20,74.46,73.76,72.40,72.05,72.02,72.59,75.92,77.46,87.74,86.42,82.96,77.09,72.40,72.68,80.90,85.97,86.65,90.54,91.01,109.37,95.92,80.98,77.31,73.06
2018-09-21,75.00,74.16,72.59,72.40,72.40,74.16,81.00,91.57,127.05,127.03,98.93,91.06,75.88,75.90,89.78,98.46,111.87,105.27,104.83,135.56,115.75,91.96,82.43,74.64
2018-09-22,88.98,92.43,86.00,75.95,75.23,75.93,87.19,87.19,77.32,76.52,73.24,72.59,71.15,68.59,67.28,68.47,71.04,74.20,76.31,95.54,90.77,80.35,75.93,73.47
2018-09-23,74.22,73.61,70.97,69.26,69.25,69.27,70.97,66.41,61.73,65.90,64.68,64.00,61.73,56.06,55.20,58.29,61.93,68.16,69.99,81.46,77.53,74.19,73.43,68.56
2018-09-24,70.56,64.86,62.25,61.48,61.48,65.21,75.43,78.73,87.82,85.13,81.34,79.11,74.61,74.75,80.96,90.25,92.43,91.26,90.29,110.26,91.55,79.85,77.11,72.77
2018-09-25,70.35,67.48,65.30,63.55,62.25,67.67,75.39,86.27,89.69,88.10,79.54,74.49,70.96,70.10,75.66,80.55,84.39,84.35,86.45,95.64,91.95,78.94,71.97,66.88
2018-09-26,69.74,67.00,65.70,65.65,63.27,69.72,79.16,87.99,96.22,89.00,79.84,72.70,65.19,66.82,72.16,77.46,82.18,87.19,89.56,111.05,100.06,88.34,81.53,71.94
2018-09-27,73.36,68.23,67.58,67.62,67.66,71.13,78.42,92.04,108.07,87.88,73.41,69.35,62.15,62.37,67.94,71.54,84.07,82.76,86.03,110.46,90.41,79.38,78.39,70.82
2018-09-28,72.03,70.58,70.43,68.47,68.46,70.44,72.23,76.53,86.73,76.69,71.71,69.89,64.94,64.05,67.72,70.72,74.04,77.25,80.25,107.13,90.10,78.59,75.29,70.51
2018-09-29,73.59,73.07,71.17,70.56,70.39,70.54,73.74,73.73,75.34,72.29,67.90,58.40,57.24,51.78,48.99,51.31,56.89,64.19,72.68,83.34,78.32,73.54,70.31,66.87
2018-09-30,64.07,61.87,61.75,61.32,61.38,61.87,64.41,61.93,62.50,66.68,61.57,60.59,60.02,56.69,56.69,58.62,62.07,71.98,74.38,84.01,82.06,75.11,74.12,68.96
2018-10-01,63.28,60.22,59.35,59.34,59.38,61.22,75.00,81.95,87.61,78.55,74.54,72.56,68.10,66.72,70.56,73.68,77.07,80.51,85.48,97.10,91.61,77.41,75.53,72.01
2018-10-02,67.29,64.64,62.74,63.05,63.13,69.07,77.00,89.01,106.85,97.75,89.25,83.31,75.29,75.22,79.84,81.37,77.88,80.58,88.30,99.04,86.57,76.88,75.46,69.80
2018-10-03,74.61,70.05,67.08,65.76,66.66,72.60,75.23,79.22,86.88,85.26,80.05,79.35,75.50,75.63,78.00,78.61,82.21,84.65,85.09,94.49,86.75,78.70,76.03,72.00
2018-10-04,67.61,64.49,63.58,62.34,62.37,65.00,76.67,82.88,94.06,89.36,79.59,77.93,75.01,73.20,75.74,78.54,78.81,79.56,83.56,100.00,87.61,80.00,77.01,71.18
2018-10-05,70.00,68.15,65.78,65.84,65.00,67.14,77.99,87.44,90.59,84.15,79.23,79.02,76.01,74.33,75.68,77.29,77.47,77.00,85.06,93.36,82.58,76.96,74.90,70.69
2018-10-06,75.78,76.20,76.20,74.61,74.37,75.78,86.14,88.35,90.10,91.26,88.45,80.93,75.74,72.32,70.69,71.82,74.52,76.83,85.67,92.55,90.15,82.49,74.98,74.37
2018-10-07,71.20,69.98,67.99,67.97,66.55,67.97,68.92,69.19,70.25,74.68,75.92,75.59,75.33,69.75,70.35,72.84,74.37,74.37,76.20,88.04,85.24,77.75,74.61,69.97
2018-10-08,64.92,64.39,64.39,64.37,64.39,65.73,75.05,79.98,86.96,83.71,81.00,80.41,76.32,77.03,80.27,80.43,81.80,82.00,87.10,102.29,88.45,79.16,77.31,73.99
2018-10-09,75.30,73.60,70.13,69.98,70.00,74.86,83.17,93.26,99.09,89.76,86.85,85.32,79.16,78.32,80.61,83.54,85.93,85.39,92.47,110.28,92.61,81.50,78.42,74.36
2018-10-10,74.54,73.60,70.00,69.95,68.82,71.80,76.72,88.00,91.42,85.42,80.35,79.80,75.03,76.43,78.18,80.30,79.70,81.20,85.06,93.13,83.66,76.93,75.96,73.00
2018-10-11,69.98,69.48,69.00,69.00,68.15,69.94,75.54,84.41,86.29,84.76,83.30,82.14,75.57,75.82,78.30,80.23,80.93,79.15,82.02,88.90,80.92,76.62,75.19,69.37
2018-10-12,68.30,67.00,64.52,64.50,64.50,66.61,73.73,79.84,81.40,79.18,77.28,75.77,68.30,68.95,70.05,72.30,75.79,78.05,84.94,88.71,79.27,74.19,72.85,67.38
2018-10-13,67.71,68.30,66.12,65.16,65.13,65.16,69.99,79.59,75.30,69.40,67.00,61.92,61.11,55.97,54.20,56.28,64.39,67.68,77.68,86.57,82.03,75.00,69.00,66.61
2018-10-14,65.48,62.59,59.99,59.94,58.75,59.90,61.87,63.76,63.94,63.32,64.39,61.87,56.23,46.35,49.00,53.73,61.87,65.00,70.49,78.07,75.54,71.30,66.61,62.60
2018-10-15,61.57,58.20,52.97,50.51,53.00,61.01,69.29,82.06,82.89,82.18,78.20,77.81,73.13,71.08,80.11,79.50,84.56,82.64,90.29,107.19,87.67,77.87,76.39,70.00
2018-10-16,68.65,65.37,65.00,64.93,64.93,65.98,77.53,84.00,90.80,88.71,84.09,83.80,74.45,75.81,80.36,84.17,85.34,83.76,93.00,105.12,90.06,77.22,77.33,70.04
2018-10-17,68.37,65.85,64.93,64.93,64.93,65.85,76.09,90.00,100.36,120.00,98.19,97.76,81.30,87.32,97.36,118.61,119.39,92.18,93.53,109.93,85.28,81.88,82.01,68.81
2018-10-18,65.95,64.76,63.55,63.03,62.92,64.76,80.38,79.51,88.33,85.79,81.21,78.14,73.28,72.93,74.89,78.13,82.00,80.36,86.05,92.22,86.01,77.42,75.92,68.61
2018-10-19,67.80,66.52,64.87,64.92,64.88,67.29,88.87,88.55,105.15,88.52,81.47,77.31,71.90,73.04,74.79,75.23,77.72,81.91,91.74,99.75,88.48,77.13,75.10,67.55
2018-10-20,75.80,75.56,68.99,66.97,66.20,66.97,75.80,75.80,77.75,75.56,71.91,65.64,62.04,57.44,57.19,58.31,62.38,68.82,77.03,85.72,78.17,73.53,68.78,65.83
2018-10-21,66.97,64.93,62.38,60.20,58.40,60.40,62.38,64.90,63.70,64.93,64.48,59.17,57.75,51.54,48.00,54.73,65.48,69.23,77.91,85.26,80.59,76.45,71.10,65.61
2018-10-22,64.51,60.69,58.40,58.14,58.14,62.98,76.67,78.86,86.05,85.56,81.91,77.35,73.85,73.59,74.45,77.13,81.73,85.39,89.15,95.72,88.17,77.86,75.70,68.46
2018-10-23,64.02,61.52,61.52,60.03,61.00,62.55,78.58,79.49,82.05,77.39,73.49,72.78,69.84,69.14,72.60,73.75,74.79,76.79,80.57,87.45,78.21,76.81,75.77,65.00
2018-10-24,64.02,64.02,64.02,64.02,63.56,64.16,77.15,85.00,88.92,81.04,76.39,74.30,71.34,70.93,73.24,75.57,82.93,80.01,83.76,90.17,82.54,76.93,73.90,66.90
2018-10-25,65.03,62.74,61.52,61.52,61.52,64.02,77.15,81.14,85.95,83.12,79.24,77.13,71.34,70.50,72.24,75.44,77.44,77.44,85.48,96.27,82.22,76.52,73.53,67.73
2018-10-26,67.65,64.02,63.07,62.14,63.49,64.16,76.59,79.79,85.24,84.87,79.37,76.25,68.37,68.20,72.71,72.39,76.53,77.53,79.08,87.73,77.92,70.85,68.64,64.02
2018-10-27,67.35,64.51,61.65,59.80,57.15,61.15,63.07,68.00,68.13,69.83,67.18,64.85,63.40,56.56,54.12,54.06,57.02,67.71,79.15,84.24,77.00,68.95,65.79,63.07
2018-10-28,64.02,54.83,51.26,45.92,44.00,44.79,47.27,50.14,53.89,54.54,58.52,58.80,58.77,56.65,56.59,57.00,60.51,58.91,65.02,69.14,66.03,64.02,64.00,60.00
2018-10-29,51.75,48.00,42.92,36.33,36.66,47.62,60.22,73.37,77.32,79.22,76.76,72.51,70.57,70.45,70.84,74.89,75.41,89.07,110.67,105.68,79.71,69.99,65.95,59.62
2018-10-30,57.59,54.37,49.68,49.37,49.70,56.12,73.52,82.37,88.22,83.77,75.07,70.24,64.10,63.59,67.01,78.24,86.33,78.81,100.52,98.56,78.25,73.95,70.65,65.46
2018-10-31,65.55,60.77,60.14,60.15,60.12,61.11,68.68,77.76,85.15,82.36,76.44,76.49,73.07,72.21,69.03,71.27,80.49,83.47,92.76,86.38,75.93,66.82,65.97,60.53
2018-11-01,58.00,55.04,49.62,49.25,50.01,56.07,60.14,62.31,62.52,63.88,64.31,61.56,62.97,61.57,61.60,61.59,61.87,65.11,70.02,70.52,65.11,62.22,61.40,59.11
2018-11-02,56.86,54.24,49.12,47.70,48.10,51.15,60.18,67.36,73.88,73.09,70.73,69.70,68.40,67.20,67.77,68.00,73.42,84.01,87.19,81.65,72.84,67.72,65.82,62.27
2018-11-03,64.03,56.27,54.94,52.12,50.10,52.61,54.24,57.00,61.52,65.03,64.03,62.27,61.52,58.45,54.88,57.00,61.41,70.00,75.00,75.56,69.71,62.32,61.00,58.45
2018-11-04,59.23,51.40,45.00,45.11,44.54,45.68,48.56,46.82,46.33,50.34,58.15,58.32,59.41,57.59,58.15,59.85,61.09,64.02,68.26,69.93,65.42,60.00,59.08,54.99
2018-11-05,48.59,46.61,44.56,41.92,41.07,47.01,60.38,67.64,69.42,69.20,67.32,66.78,64.74,65.76,67.48,70.12,71.99,79.93,83.71,76.95,69.70,65.74,62.18,57.00
2018-11-06,56.63,55.14,54.06,54.37,55.00,55.94,63.84,67.95,70.10,67.77,64.48,63.06,60.25,61.75,63.52,65.03,70.78,76.71,77.82,75.19,68.40,65.18,62.88,56.77
2018-11-07,54.28,52.15,52.15,50.00,51.37,52.15,57.19,61.99,66.00,65.75,63.84,61.85,59.78,59.86,62.94,65.61,68.03,82.49,75.44,74.30,65.40,60.06,57.13,52.75
2018-11-08,48.31,46.47,45.27,44.33,45.97,48.10,57.11,67.00,68.95,67.52,66.22,65.64,63.39,64.34,66.81,68.29,71.70,89.10,89.43,77.63,70.55,64.50,61.62,55.51
2018-11-09,55.88,52.99,52.00,49.79,49.16,52.11,62.16,69.98,73.56,71.93,68.07,65.70,63.75,62.15,62.95,66.19,68.77,77.72,76.58,68.84,65.64,62.34,59.97,57.24
2018-11-10,61.38,56.59,49.55,51.86,49.33,56.39,61.38,64.01,66.00,64.83,63.14,60.12,56.15,56.96,56.57,60.21,64.74,71.11,73.88,73.09,66.87,61.81,58.20,58.38
2018-11-11,56.74,51.48,49.90,51.02,48.81,55.71,57.38,56.51,57.27,58.79,56.99,55.50,57.50,55.93,59.54,64.24,65.84,72.44,72.28,72.87,69.58,63.65,60.91,57.43
2018-11-12,61.51,54.45,52.12,50.81,50.76,53.72,65.00,70.19,69.08,69.62,68.05,68.02,64.69,65.12,67.18,68.00,72.79,79.41,78.96,76.53,72.49,63.13,63.16,56.65
2018-11-13,58.04,53.53,52.81,51.81,51.87,53.55,62.22,68.25,69.58,69.91,67.64,67.28,65.56,65.96,66.60,68.07,73.02,81.26,88.79,76.53,73.19,67.41,64.48,58.77
2018-11-14,60.16,55.13,51.95,49.80,48.00,51.96,60.39,71.24,73.89,70.18,66.72,65.11,62.56,63.67,65.45,69.95,74.68,84.05,80.91,76.37,70.39,65.70,62.65,57.96
2018-11-15,57.34,51.95,51.27,50.29,51.03,53.17,65.05,73.77,74.85,71.68,68.59,67.15,66.01,66.36,68.33,72.86,75.15,80.48,79.85,77.04,72.45,69.43,66.69,64.37
2018-11-16,62.60,56.85,53.89,51.97,51.28,55.77,66.59,75.02,81.23,82.64,77.27,73.16,69.28,67.90,69.02,70.06,74.62,78.90,82.68,75.25,70.17,65.92,63.40,60.03
2018-11-17,67.16,64.54,60.39,56.03,56.01,60.31,61.99,66.62,70.34,67.87,66.05,65.24,63.64,63.14,62.80,65.50,67.20,73.18,74.77,72.54,71.53,66.62,65.03,62.39
2018-11-18,61.47,61.17,53.45,49.66,48.70,51.06,55.12,61.47,61.95,64.46,63.85,64.00,64.00,61.47,64.00,65.50,69.73,74.67,73.85,73.64,72.92,72.55,68.82,64.84
2018-11-19,67.56,63.00,60.79,58.51,57.53,62.26,73.92,82.06,82.90,82.01,78.45,76.77,74.10,73.64,74.03,75.12,78.10,89.58,98.48,91.65,79.94,71.79,70.07,67.78
2018-11-20,64.23,59.49,55.66,51.87,52.07,55.61,68.18,73.44,83.92,87.49,86.45,87.66,77.22,80.56,87.37,95.44,111.01,127.65,108.35,86.11,79.21,75.10,75.40,71.58
2018-11-21,70.15,65.04,62.89,57.97,57.60,62.29,74.53,81.25,87.99,86.49,78.75,76.56,69.94,72.76,76.92,80.05,81.89,96.51,95.59,88.24,75.61,74.59,69.59,67.26
2018-11-22,66.24,64.36,62.37,56.66,56.60,63.96,81.08,92.61,100.48,96.29,91.22,90.23,85.95,87.24,91.25,96.35,108.81,134.94,135.40,101.99,88.36,78.38,74.81,71.45
2018-11-23,66.93,63.95,61.20,59.50,59.47,62.61,75.92,92.22,93.48,96.13,92.58,93.43,82.31,85.08,90.59,92.07,90.37,95.37,93.42,86.19,77.66,68.71,67.91,66.64
2018-11-24,63.77,61.51,61.00,58.05,54.61,57.75,60.82,64.15,65.72,72.20,73.49,73.17,73.01,66.83,64.57,65.04,68.11,76.18,76.17,74.75,67.18,63.14,61.99,61.99
2018-11-25,58.81,54.53,50.34,48.46,48.07,48.07,49.09,55.02,55.15,59.06,62.02,63.26,65.15,63.41,59.04,60.09,61.47,69.25,74.31,72.74,71.21,65.74,62.70,58.54
2018-11-26,52.12,39.56,35.34,34.38,38.56,49.08,66.26,75.83,83.66,81.85,79.57,81.04,75.93,80.30,84.87,91.20,91.32,101.85,92.43,84.65,76.94,73.65,69.92,65.98
2018-11-27,60.54,57.22,55.55,50.95,51.23,55.23,69.52,81.53,89.66,88.91,84.18,84.59,77.94,77.41,78.16,79.16,79.99,90.50,86.37,79.85,69.87,65.36,62.10,57.56
2018-11-28,55.80,47.91,45.18,43.82,43.31,44.66,56.24,65.50,69.14,66.91,66.01,64.66,63.54,64.11,64.53,65.99,67.02,69.41,72.02,71.05,67.80,62.18,60.38,57.49
2018-11-29,55.29,51.84,45.90,43.50,45.30,50.04,63.74,68.82,69.00,67.69,64.88,64.09,62.56,62.67,65.37,70.33,71.69,77.01,78.41,79.73,72.88,68.67,64.85,61.10
2018-11-30,64.85,61.61,60.93,62.40,61.88,63.17,69.02,71.18,75.91,76.00,75.14,72.90,67.20,68.80,74.14,76.17,84.54,94.84,78.06,75.85,72.00,73.90,67.92,64.94
2018-12-01,73.90,71.98,66.88,65.56,64.85,65.64,66.52,75.00,76.06,75.03,69.54,67.80,66.24,64.64,64.80,66.97,69.81,76.19,76.11,73.36,70.99,67.17,65.27,62.27
2018-12-02,72.06,65.64,64.71,61.66,60.87,60.90,62.31,63.51,66.44,65.15,65.02,65.04,67.00,62.51,63.97,63.86,69.49,78.09,76.25,76.52,76.59,75.53,67.51,64.18
2018-12-03,59.15,57.14,53.75,48.00,49.80,56.64,65.29,68.55,74.06,74.13,71.69,71.35,67.64,67.80,72.81,73.22,74.32,76.30,74.98,75.03,72.21,69.13,68.98,64.47
2018-12-04,58.94,57.00,54.60,49.90,53.00,58.28,69.42,73.58,75.44,72.00,68.41,67.08,65.68,65.36,66.68,69.42,73.50,78.89,75.17,72.81,69.78,65.64,63.62,59.20
2018-12-05,58.96,52.04,49.10,48.34,48.72,56.49,65.00,69.56,71.51,69.71,68.70,66.79,65.15,65.82,68.62,70.12,74.97,76.82,75.00,74.14,71.20,67.74,64.16,61.88
2018-12-06,73.96,71.28,67.71,62.46,62.46,63.39,71.41,70.37,75.57,77.82,73.34,72.25,66.89,67.91,77.24,81.84,82.57,82.44,76.84,76.42,71.37,70.70,70.22,65.49
2018-12-07,68.17,60.56,60.06,58.41,58.41,60.45,68.26,75.47,78.86,75.18,72.00,68.67,65.80,66.20,73.78,75.19,80.28,89.06,76.90,75.23,69.27,64.73,62.21,59.56
2018-12-08,60.19,53.00,49.87,42.32,39.54,38.00,43.00,46.93,50.00,50.77,48.80,45.56,41.87,41.34,44.22,51.27,58.40,61.46,61.56,62.79,62.17,59.05,55.83,49.91
2018-12-09,59.14,50.00,45.00,39.00,33.35,36.54,54.15,59.17,59.54,59.09,54.15,48.09,47.01,41.32,47.10,59.88,63.54,66.00,65.18,65.25,65.18,64.58,61.75,47.60
2018-12-10,51.81,39.52,35.06,33.17,36.04,45.00,62.16,64.20,66.24,65.90,64.12,62.72,60.44,60.29,61.67,62.97,70.02,74.25,72.74,71.69,67.37,63.52,60.00,56.56
2018-12-11,56.05,51.45,48.06,46.80,44.43,53.24,62.89,68.86,71.51,70.64,67.59,66.61,64.09,64.41,65.91,68.53,73.72,85.27,80.33,75.60,73.25,69.62,68.18,63.64
2018-12-12,64.73,59.48,58.54,60.85,60.88,63.51,72.72,86.08,90.71,85.87,82.96,78.55,74.37,74.72,77.94,83.41,85.86,93.59,87.36,81.69,75.06,73.24,68.89,63.89
2018-12-13,68.73,64.91,63.51,60.07,60.04,63.51,70.48,78.25,81.79,79.75,75.95,74.55,72.61,72.62,74.48,80.03,87.09,93.53,92.29,88.88,78.50,73.41,69.33,64.57
2018-12-14,64.65,60.78,58.74,58.24,59.36,63.21,70.87,80.93,89.83,88.35,80.62,80.66,79.82,78.83,80.16,82.12,85.15,98.85,93.17,88.82,79.41,74.77,70.48,69.69
2018-12-15,70.52,63.43,59.24,59.24,59.24,59.24,63.10,69.63,72.83,72.58,70.86,68.93,67.58,63.22,61.96,62.47,67.46,71.96,71.98,71.05,67.62,61.04,60.48,59.41
2018-12-16,55.19,51.20,49.58,46.74,46.00,47.70,55.25,58.24,58.81,63.91,65.68,65.77,67.23,63.51,64.11,68.00,72.29,81.79,81.28,81.78,78.13,73.52,69.17,61.04
2018-12-17,55.50,54.33,54.23,53.83,54.25,55.88,65.03,76.37,81.27,86.72,86.65,86.73,76.60,76.61,76.95,86.51,90.83,93.14,87.36,77.90,74.43,66.89,63.57,59.13
2018-12-18,51.50,48.03,45.62,44.64,45.73,50.83,61.65,69.90,72.87,71.37,68.04,67.04,65.40,66.48,68.08,72.48,89.13,91.18,83.89,79.09,74.44,73.94,73.69,66.96
2018-12-19,64.57,59.95,59.69,59.38,59.72,64.43,72.77,80.33,89.71,88.24,87.13,79.92,74.28,74.77,80.68,91.77,95.48,108.85,86.38,79.60,77.05,77.87,75.22,66.46
2018-12-20,62.59,60.12,58.00,56.65,58.00,60.13,68.03,72.46,76.35,78.58,73.76,74.08,69.56,70.23,71.96,78.64,91.60,95.53,85.19,83.23,75.88,73.15,71.61,64.60
2018-12-21,66.14,62.86,59.95,58.38,59.00,62.59,68.94,72.90,78.27,81.86,75.67,72.78,69.65,69.27,70.60,72.82,71.41,75.72,73.54,72.68,70.78,67.29,63.67,59.27
2018-12-22,58.95,56.65,51.10,48.06,46.08,48.06,57.71,60.30,64.42,65.48,65.10,60.20,59.36,58.00,59.38,61.14,67.80,74.15,73.56,73.57,70.48,62.70,61.07,56.65
2018-12-23,54.91,45.24,42.00,39.96,42.20,54.92,58.38,63.75,64.43,65.83,68.00,68.00,67.58,65.83,68.32,70.56,72.84,77.28,75.89,74.27,71.89,71.67,62.12,53.47
2018-12-24,52.10,40.00,36.88,33.17,34.37,43.17,57.66,63.00,67.58,65.80,66.45,64.81,60.36,59.77,62.60,67.76,70.24,73.60,71.48,69.20,62.59,57.85,56.49,55.00
2018-12-25,49.85,41.54,39.72,22.78,18.37,20.00,36.91,51.52,51.52,49.17,51.52,47.28,45.99,36.41,37.76,55.00,62.03,68.15,65.84,68.00,58.98,57.69,55.48,54.10
2018-12-26,49.10,38.68,31.95,27.79,26.08,40.00,56.69,58.98,58.98,61.50,63.37,61.78,61.00,58.98,61.20,66.93,70.24,73.49,72.78,74.51,74.59,70.12,66.84,59.60
2018-12-27,56.69,53.05,50.00,49.95,49.94,49.92,58.72,64.91,67.98,70.05,67.88,66.78,66.14,65.00,65.90,72.08,75.37,76.46,77.15,76.78,75.77,74.30,71.44,62.05
2018-12-28,54.84,50.00,49.19,48.51,48.07,49.82,55.74,65.03,68.05,69.84,68.60,66.36,66.01,64.64,64.73,70.18,76.02,84.38,76.53,75.71,74.10,71.91,65.57,60.93
2018-12-29,56.69,50.45,48.90,47.20,46.92,47.21,52.30,58.98,61.22,61.34,62.01,60.09,58.97,56.69,56.74,61.29,68.84,75.86,77.29,76.92,74.63,66.70,64.32,59.83
2018-12-30,69.64,66.95,60.73,58.98,58.98,67.20,67.20,68.32,67.95,70.07,70.24,70.24,70.07,67.34,67.34,68.49,70.70,71.96,71.36,71.80,69.35,64.15,60.84,55.00
2018-12-31,50.94,49.57,48.32,45.89,45.47,47.11,55.00,59.84,61.60,61.52,62.64,63.06,61.15,60.42,58.93,63.71,67.83,70.31,71.22,71.41,70.70,59.84,55.70,49.80
2019-01-01,51.00,46.27,39.78,27.87,22.00,20.00,20.90,26.54,25.00,25.00,34.64,41.03,48.97,41.06,37.95,53.59,58.65,64.64,65.00,66.26,65.99,62.75,58.65,54.91
2019-01-02,53.11,45.87,39.15,36.00,39.00,39.00,53.10,65.41,71.08,69.19,65.64,64.00,62.80,58.65,59.84,65.00,67.95,73.71,74.02,74.57,68.14,61.56,58.38,54.31
2019-01-03,45.14,42.84,41.88,40.66,40.61,41.97,55.10,64.86,67.86,67.54,66.95,63.68,61.42,61.16,64.39,66.54,68.37,74.05,74.48,72.29,69.87,63.59,59.84,58.63
2019-01-04,55.52,52.91,49.61,47.41,47.00,52.99,64.82,73.93,76.54,74.27,71.58,69.80,68.22,67.69,68.79,69.59,74.65,78.41,80.71,80.52,77.95,74.21,71.69,64.81
2019-01-05,71.68,63.74,60.00,55.84,53.50,54.40,61.45,70.70,73.95,73.41,69.12,68.25,67.67,64.00,61.57,62.43,70.49,77.44,81.62,82.33,81.57,76.65,70.72,65.09
2019-01-06,60.90,54.90,51.43,48.02,48.37,47.17,48.19,52.87,54.99,56.50,56.55,60.02,60.22,55.00,54.19,58.65,62.24,68.57,72.48,75.23,74.05,70.91,63.22,58.65
2019-01-07,61.60,56.75,50.32,50.00,50.00,56.75,68.20,68.86,77.05,74.43,69.69,68.43,66.84,66.06,69.58,75.69,80.25,86.49,81.97,82.52,81.68,74.19,67.53,63.52
2019-01-08,70.11,70.00,68.28,68.26,68.28,77.96,82.98,81.42,94.42,85.45,83.36,81.27,71.05,67.58,77.50,79.93,83.00,85.70,82.82,82.51,76.67,70.33,65.23,59.98
2019-01-09,62.11,61.14,60.13,61.00,61.30,62.26,65.99,72.91,79.38,81.09,74.31,71.88,66.72,66.40,69.89,72.88,78.81,85.25,85.09,82.46,76.54,68.06,64.12,61.49
2019-01-10,60.93,58.59,55.88,53.55,54.98,55.63,63.99,72.06,80.18,84.51,78.36,77.17,74.11,72.37,74.42,75.79,78.59,88.43,88.70,83.01,82.65,74.15,73.85,65.59
2019-01-11,61.66,59.66,57.12,57.97,58.00,59.14,66.85,71.28,79.09,77.25,74.66,73.62,69.89,68.41,69.15,74.81,79.22,83.10,82.74,82.19,76.29,73.11,71.44,64.47
2019-01-12,65.10,62.12,59.05,59.00,56.63,56.63,61.66,66.61,73.00,73.00,65.00,63.82,62.19,59.50,56.99,61.92,65.63,82.47,82.79,83.50,78.62,72.94,64.53,60.32
2019-01-13,63.44,60.68,58.70,53.26,50.20,49.58,60.58,64.85,65.38,67.34,67.31,64.93,61.92,59.57,62.00,63.73,72.11,78.52,81.03,81.03,78.40,79.32,66.60,60.47
2019-01-14,53.06,49.11,40.00,39.99,39.75,47.36,61.12,67.07,74.29,77.68,76.19,74.05,67.81,66.59,69.00,74.04,77.68,86.08,78.21,77.65,71.81,66.59,63.53,59.45
2019-01-15,61.94,59.20,53.21,52.43,53.26,58.42,65.05,77.89,86.64,86.23,73.49,68.86,65.56,63.57,68.54,76.82,83.32,91.56,89.36,86.25,83.24,82.31,75.61,63.66
2019-01-16,66.69,61.34,59.68,59.01,59.54,61.12,71.15,81.84,95.41,87.87,79.53,70.73,65.61,65.19,66.63,73.32,80.74,88.92,84.07,82.06,75.92,71.33,68.41,61.28
2019-01-17,59.32,58.08,56.26,56.26,56.81,59.14,66.20,68.48,78.20,80.59,74.24,71.15,65.30,65.73,71.14,75.51,78.72,84.27,81.94,82.08,75.50,70.00,66.27,61.39
2019-01-18,60.15,58.94,56.99,55.00,56.64,60.00,65.71,78.77,93.28,90.74,78.47,72.39,66.94,65.95,66.17,71.63,79.00,84.16,82.43,82.09,75.85,72.56,69.69,64.55
2019-01-19,65.00,62.41,61.11,60.71,60.37,60.92,63.58,67.95,76.88,80.37,71.92,68.25,66.95,64.20,63.93,63.76,69.83,81.29,82.50,82.59,75.76,72.55,69.32,64.79
2019-01-20,66.69,63.41,60.44,58.59,58.60,59.01,59.60,61.94,63.22,64.02,66.30,66.15,65.12,62.41,60.92,62.41,64.73,72.48,80.32,81.33,79.56,72.88,68.86,64.50
2019-01-21,59.00,57.21,54.83,54.48,54.83,59.24,70.06,78.88,85.23,83.79,79.53,78.71,75.41,71.56,74.13,76.49,80.11,86.65,88.16,83.88,80.61,72.58,69.28,66.26
2019-01-22,63.57,61.18,60.65,60.68,61.06,61.98,66.00,75.87,81.83,79.39,78.32,76.15,71.38,72.02,73.21,74.19,76.62,82.47,88.76,85.85,75.47,69.71,66.16,61.15
2019-01-23,61.57,61.53,60.39,60.90,60.43,63.04,69.54,81.35,90.13,91.19,88.93,86.01,80.56,79.48,81.84,84.74,82.72,88.31,94.97,92.04,81.44,76.42,68.98,64.21
2019-01-24,64.65,63.42,62.80,62.80,62.68,62.87,74.90,87.81,108.38,106.87,103.14,97.16,86.64,84.28,84.73,87.79,92.61,100.97,102.51,96.85,89.88,76.50,73.00,64.52
2019-01-25,63.29,60.64,57.80,55.90,55.32,58.98,67.41,78.57,92.99,89.05,80.55,74.45,68.22,65.94,65.08,66.16,69.19,78.23,77.74,74.73,72.58,70.29,65.30,59.64
2019-01-26,60.73,54.69,53.14,51.00,49.90,50.84,55.61,62.87,65.73,66.71,63.94,63.00,60.58,54.22,55.28,56.95,62.24,68.10,80.32,79.52,73.41,69.11,64.24,54.17
2019-01-27,61.57,60.00,58.41,57.05,57.59,55.15,61.57,62.87,63.94,65.11,63.80,62.94,62.11,59.95,60.77,59.36,63.43,68.04,74.30,76.87,71.74,66.95,61.57,53.28
2019-01-28,49.90,40.97,40.42,37.80,38.09,47.01,60.21,63.83,69.04,70.89,64.88,63.91,61.58,60.94,63.46,67.29,70.72,73.62,77.10,75.05,73.42,68.76,65.74,59.61
2019-01-29,57.47,56.47,55.00,56.45,56.53,57.16,64.94,73.35,84.80,86.21,79.73,73.58,69.54,68.68,71.25,74.84,81.55,86.92,83.54,82.85,74.74,70.46,65.32,62.28
2019-01-30,61.23,60.82,60.01,59.94,59.42,61.38,65.50,72.42,85.43,89.23,84.85,79.44,69.13,67.68,75.17,78.88,80.90,82.80,80.81,76.22,70.26,67.63,61.39,58.38
2019-01-31,53.92,46.55,44.94,44.65,44.70,47.49,62.06,69.20,75.99,73.65,68.15,66.56,63.32,61.35,63.81,67.34,69.83,82.86,85.46,81.48,71.22,67.93,62.72,59.00
2019-02-01,55.26,54.20,52.70,49.97,49.43,54.83,62.90,66.69,79.20,80.08,73.25,74.70,66.92,63.03,69.66,68.93,66.55,73.22,79.08,74.28,69.37,63.58,59.46,54.11
2019-02-02,50.56,47.50,45.70,43.14,42.71,42.90,50.87,59.99,62.37,65.00,62.33,61.03,55.87,52.80,51.95,52.74,54.00,63.36,67.10,68.20,67.09,60.15,56.07,51.02
2019-02-03,49.54,47.00,43.84,41.39,40.98,40.00,49.19,50.25,51.80,55.48,55.75,52.68,51.40,49.17,49.44,50.31,57.83,65.11,72.69,79.45,72.04,68.32,63.02,56.33
2019-02-04,55.20,55.30,53.99,54.41,54.02,57.06,66.23,74.14,80.39,78.04,72.33,67.00,61.78,61.04,64.81,64.95,68.31,74.17,78.25,73.98,69.74,64.29,62.89,58.49
2019-02-05,55.37,52.15,52.12,52.17,50.01,51.21,59.39,62.90,70.36,65.11,62.91,60.67,57.84,56.87,57.52,59.97,62.09,67.00,69.21,68.26,63.23,59.99,57.01,51.08
2019-02-06,45.07,42.57,39.08,38.29,38.46,42.61,54.11,64.31,69.26,63.09,59.42,55.98,52.87,52.56,55.33,57.91,61.81,68.42,72.23,71.62,67.12,63.99,59.34,53.16
2019-02-07,57.06,56.05,54.34,54.14,54.66,56.96,66.90,68.31,76.14,69.19,63.64,60.42,56.69,56.66,60.10,62.47,71.63,81.06,85.01,81.96,72.62,68.56,62.52,58.89
2019-02-08,57.46,56.37,53.71,53.10,52.99,56.37,64.08,71.26,74.14,67.32,61.04,58.00,55.98,54.98,57.25,59.00,64.50,73.75,81.66,79.78,68.90,66.13,59.51,56.37
2019-02-09,67.38,66.15,63.78,62.32,62.26,60.84,68.20,79.00,81.25,76.48,61.90,57.46,53.95,51.72,51.72,53.53,60.37,75.94,82.59,83.05,79.27,67.65,59.17,54.72
2019-02-10,53.84,52.98,49.43,46.40,45.29,45.82,49.98,53.50,53.50,52.50,49.99,47.04,47.49,41.26,41.30,40.95,47.00,54.57,66.52,68.07,66.06,65.04,56.43,47.78
2019-02-11,30.00,24.31,21.06,18.72,20.00,30.00,52.11,59.95,66.59,64.90,59.74,55.86,49.94,50.58,55.20,60.23,64.51,70.88,73.97,67.86,63.16,59.40,51.64,49.47
2019-02-12,47.52,46.63,46.06,40.74,41.76,47.67,61.22,66.25,75.53,65.90,59.94,53.11,48.41,48.23,51.66,57.29,61.79,71.95,79.65,79.74,69.50,63.83,55.52,49.40
2019-02-13,46.61,43.96,40.41,40.28,39.54,43.78,55.55,61.20,64.77,61.09,52.11,48.74,45.44,44.16,46.20,54.26,58.01,67.00,79.57,79.02,66.55,59.04,53.65,49.04
2019-02-14,47.67,47.16,44.62,42.00,42.60,47.11,62.39,63.05,65.57,64.14,53.07,49.74,45.38,44.77,49.16,58.05,65.31,70.53,84.18,80.00,70.20,64.21,58.33,51.86
2019-02-15,48.00,47.10,45.30,44.18,45.77,49.04,60.57,65.87,67.38,64.59,52.86,48.08,44.11,43.45,44.87,53.00,58.38,63.80,73.94,71.42,66.79,60.87,55.62,49.99
2019-02-16,50.09,47.96,46.11,46.15,46.14,46.91,54.40,59.32,59.76,57.75,51.05,45.86,41.96,40.80,41.46,45.00,53.72,66.28,73.79,73.67,70.45,64.51,55.67,51.93
2019-02-17,57.98,57.61,54.29,51.70,51.66,50.87,54.21,57.18,54.06,53.65,52.37,49.16,46.86,41.33,45.05,48.63,54.66,62.84,74.34,76.16,75.62,71.75,61.79,56.34
2019-02-18,48.34,46.31,44.81,42.79,44.99,48.38,63.76,68.42,78.77,74.34,63.71,61.15,53.93,55.44,60.51,62.84,68.67,81.45,85.15,82.98,75.40,70.01,63.81,61.27
2019-02-19,53.44,53.16,50.91,49.95,49.67,52.86,56.98,61.95,65.70,61.80,55.80,53.46,49.66,49.58,53.29,56.41,62.40,72.83,78.46,77.86,66.64,61.97,54.66,51.73
2019-02-20,54.33,50.91,48.92,49.00,51.91,54.33,63.10,64.67,63.12,61.65,57.97,54.46,50.92,50.00,54.46,55.66,63.99,68.54,80.81,79.92,70.73,66.17,59.98,55.93
2019-02-21,59.33,57.35,55.39,55.11,55.66,61.65,69.80,71.06,75.32,66.48,58.99,55.20,51.30,51.52,54.75,56.17,62.51,67.98,79.65,79.12,68.62,67.78,60.23,56.02
2019-02-22,56.85,54.30,52.49,50.50,50.48,56.47,63.00,66.10,70.60,64.73,60.50,56.75,53.84,51.42,53.77,55.00,57.14,62.20,67.71,67.54,64.20,58.76,52.70,47.73
2019-02-23,49.67,48.81,45.94,46.33,44.62,46.97,53.80,59.68,60.72,59.00,52.36,43.81,41.36,34.67,35.28,40.24,45.08,54.75,68.78,67.39,62.00,57.44,52.67,44.35
2019-02-24,46.19,42.71,37.34,34.07,34.05,34.97,43.46,45.55,44.64,45.00,42.43,37.38,33.54,31.00,31.01,36.84,45.98,54.72,65.47,70.00,68.93,63.05,58.60,47.10
2019-02-25,41.73,37.25,37.00,36.37,37.15,45.44,61.36,65.00,68.06,64.70,55.78,49.61,49.77,49.77,52.76,56.62,64.25,74.74,82.91,82.71,77.15,72.36,62.17,52.63
2019-02-26,52.53,51.45,49.23,49.22,49.21,52.07,67.00,68.94,70.78,65.70,56.83,52.16,44.58,43.18,48.43,53.90,59.99,66.60,74.33,75.56,69.31,59.91,56.11,48.05
2019-02-27,45.91,43.54,38.85,38.00,40.64,46.10,56.43,60.96,66.53,61.81,51.02,49.02,43.36,43.59,51.61,53.90,57.82,64.42,73.98,75.35,74.18,67.73,58.12,53.07
2019-02-28,57.05,55.72,53.00,52.52,54.34,55.66,67.00,73.57,76.88,66.39,56.71,54.00,48.21,47.36,51.87,56.09,62.59,68.57,75.38,72.53,68.27,62.04,55.81,47.95
2019-03-01,48.33,46.10,44.81,44.14,44.56,47.60,60.50,59.62,62.84,57.52,52.67,49.85,47.21,45.72,49.03,53.00,56.55,62.84,71.94,76.00,68.28,60.74,53.90,49.31
2019-03-02,53.99,49.27,47.80,44.00,42.65,42.50,49.27,54.00,55.82,54.00,47.85,44.90,43.22,40.10,39.48,39.64,45.00,53.99,68.72,71.65,67.05,60.40,55.92,50.07
2019-03-03,54.32,48.39,46.56,45.15,45.15,47.63,52.78,51.63,49.20,51.56,52.05,48.08,47.18,45.44,46.26,52.14,56.60,59.04,68.79,68.80,68.02,61.50,58.11,49.68
2019-03-04,44.97,42.95,40.00,39.00,36.32,42.83,51.56,54.00,56.25,55.19,48.93,46.78,41.83,42.00,44.38,47.88,55.19,57.13,66.40,66.93,61.13,55.96,50.21,41.92
2019-03-05,41.71,39.23,36.35,37.29,42.02,46.23,59.07,61.01,68.69,67.09,59.66,56.61,46.55,46.15,51.15,57.04,66.43,71.27,91.72,94.20,78.37,69.52,58.86,54.83
2019-03-06,53.88,53.20,52.86,51.91,51.91,53.88,63.50,66.29,70.00,66.95,58.89,54.12,49.05,51.07,54.12,59.81,67.00,70.54,73.37,75.72,68.14,59.81,56.10,50.15
2019-03-07,48.77,45.60,44.46,42.24,42.26,46.10,55.56,57.43,66.18,63.08,59.58,57.17,44.51,41.35,48.39,60.10,63.44,65.29,68.26,68.54,59.55,55.65,50.71,47.08
2019-03-08,47.26,45.74,44.00,44.00,45.97,51.99,62.91,64.22,71.22,65.28,55.95,53.27,48.04,47.84,53.00,57.43,63.15,71.56,73.88,77.98,74.04,66.64,57.71,53.47
2019-03-09,57.94,55.00,52.66,51.82,49.65,52.66,59.26,59.97,59.97,57.61,53.23,47.37,44.12,39.98,39.35,44.11,47.08,52.72,64.59,71.04,68.11,59.08,53.06,49.48
2019-03-10,44.39,39.79,34.02,33.02,33.02,33.98,42.52,38.58,44.04,46.84,46.91,46.12,40.07,32.68,33.93,40.13,46.22,52.72,60.78,61.19,59.77,56.01,48.15,42.32
2019-03-11,35.04,30.10,25.00,23.20,24.02,35.04,51.14,56.00,60.09,56.89,54.56,52.17,46.82,46.26,50.19,52.66,55.32,57.04,61.61,62.92,58.84,56.30,51.92,43.43
2019-03-12,37.33,36.38,32.70,32.17,32.31,36.32,47.66,58.00,61.24,58.69,53.36,51.83,42.14,42.29,50.12,51.72,55.25,58.40,67.53,74.52,64.54,62.08,55.69,52.75
2019-03-13,49.09,48.83,46.59,45.60,48.11,52.21,63.13,66.07,70.32,69.10,63.80,60.05,49.78,49.89,55.62,62.21,65.05,73.51,77.12,80.17,71.82,63.81,55.02,47.31
2019-03-14,51.91,50.58,49.01,48.99,50.26,52.09,61.15,65.02,67.99,61.43,54.60,48.02,41.54,42.06,46.52,56.39,60.53,65.38,72.22,79.87,72.75,66.42,57.80,50.92
2019-03-15,50.84,49.13,44.09,43.41,43.86,49.74,59.03,63.10,68.89,60.52,53.70,49.66,45.44,45.44,50.00,55.65,61.89,73.07,76.67,80.05,77.48,69.29,57.70,50.31
2019-03-16,51.53,48.01,45.25,42.38,41.37,45.51,49.46,51.47,53.06,49.32,41.81,38.10,30.00,24.83,25.00,35.30,41.45,52.02,62.16,71.31,66.26,58.87,51.25,45.41
2019-03-17,58.43,55.54,52.00,51.29,51.29,58.43,54.69,50.64,51.29,57.29,60.89,57.43,56.00,50.61,51.29,57.34,58.98,59.66,70.68,65.20,64.53,60.71,52.55,44.48
2019-03-18,43.83,39.47,36.17,35.00,37.83,43.74,57.71,57.71,59.42,58.69,57.73,54.16,48.15,47.76,53.08,57.43,57.93,64.35,76.04,79.15,74.67,61.70,58.64,53.58
2019-03-19,57.89,56.66,54.51,54.51,56.33,59.05,64.40,65.00,71.37,68.72,61.28,56.15,49.73,49.77,54.94,56.31,59.12,64.42,76.01,79.29,77.27,66.53,61.09,52.52
2019-03-20,51.05,50.59,48.73,48.07,48.77,50.59,57.89,56.89,63.39,59.50,55.72,52.76,47.15,47.71,49.52,50.82,56.25,58.53,65.48,71.68,63.07,58.25,54.01,47.50
2019-03-21,50.11,47.40,44.70,43.75,46.47,49.04,52.94,56.53,59.14,55.49,46.05,43.89,38.34,39.23,44.06,46.14,55.48,57.47,63.17,71.26,61.40,58.68,54.47,48.34
2019-03-22,47.55,44.67,44.65,43.96,44.11,46.74,54.09,63.68,67.50,58.08,52.85,50.71,43.48,42.89,47.55,50.26,57.12,59.12,74.35,77.26,72.68,63.24,54.37,47.62
2019-03-23,57.84,51.78,48.98,46.16,45.95,47.69,48.29,48.03,47.69,43.55,40.46,34.50,30.72,29.36,28.52,35.00,39.00,47.89,62.02,73.06,65.87,54.68,52.83,45.44
2019-03-24,50.09,44.54,43.00,40.94,40.12,43.14,42.58,40.00,39.71,42.00,42.84,41.95,40.07,37.15,37.57,43.68,50.39,57.03,59.88,68.89,66.65,63.10,53.77,47.63
2019-03-25,42.44,38.17,38.00,37.16,38.00,42.60,50.50,54.99,56.44,53.33,48.87,47.34,35.23,34.41,40.41,48.83,54.02,57.93,66.68,72.71,65.48,61.15,54.24,45.12
2019-03-26,43.96,42.28,40.04,38.00,41.15,44.18,53.32,57.12,58.73,56.06,52.79,48.39,40.48,40.73,45.56,51.03,55.36,57.06,65.18,73.63,68.36,61.06,50.16,47.81
2019-03-27,44.43,43.84,40.41,39.99,42.29,45.00,49.63,55.69,59.17,56.09,48.94,48.00,43.37,43.37,47.18,48.70,53.86,59.11,64.54,69.72,63.17,59.54,47.94,45.13
2019-03-28,45.61,43.92,42.12,38.92,39.76,43.45,50.76,55.52,55.22,52.94,46.89,44.15,39.01,39.93,43.07,45.73,53.31,54.65,64.26,70.49,59.21,56.27,50.51,46.90
2019-03-29,50.86,49.56,48.70,49.23,49.36,50.64,59.56,61.33,65.49,56.61,52.25,45.70,42.34,39.95,45.66,52.29,56.63,59.56,75.58,79.41,77.27,63.63,57.68,50.33
2019-03-30,53.04,50.00,46.49,48.00,48.28,50.71,52.02,53.07,52.60,47.87,42.64,37.16,30.00,26.79,30.00,34.68,42.87,53.94,65.15,77.95,73.12,62.73,57.10,49.75
2019-03-31,51.82,44.03,41.52,39.00,38.53,43.72,44.60,47.28,49.07,48.93,49.14,47.58,41.97,38.70,35.92,41.29,49.07,53.79,60.61,71.07,69.46,67.45,59.68,49.12
2019-04-01,47.58,42.41,38.54,38.62,39.06,47.86,55.28,74.37,79.28,75.17,59.28,56.34,51.07,50.46,52.87,57.29,58.72,63.23,76.13,78.14,81.22,77.98,68.33,54.99
2019-04-02,54.73,51.62,48.97,48.91,48.88,52.36,57.09,64.42,77.43,67.17,60.20,55.46,50.41,49.94,51.20,53.35,57.49,61.46,62.72,73.56,77.90,64.29,54.67,47.99
2019-04-03,47.99,46.22,44.17,44.15,44.17,47.15,53.43,67.21,86.83,81.11,78.07,73.81,53.16,51.94,62.97,72.04,72.45,64.85,65.13,64.24,67.87,59.22,49.12,46.08
2019-04-04,47.31,45.30,45.02,43.02,42.59,45.89,57.09,69.75,77.99,77.38,71.87,60.01,49.92,49.05,59.22,60.95,64.80,59.23,58.98,63.19,65.00,58.26,48.97,45.20
2019-04-05,43.24,40.00,38.05,38.00,39.15,43.40,57.09,68.84,74.43,62.13,56.01,50.83,46.50,45.86,47.55,50.51,50.93,52.13,56.02,67.12,70.71,58.85,51.63,46.50
2019-04-06,54.72,50.57,49.12,48.63,48.58,49.01,52.55,58.00,62.56,62.59,55.02,51.34,44.99,40.39,42.12,43.64,47.78,51.84,54.79,63.91,72.17,61.80,51.83,49.04
2019-04-07,51.15,48.78,48.35,45.83,45.84,45.83,48.41,48.78,52.99,58.44,59.94,59.62,58.43,53.18,51.51,52.34,52.10,56.20,53.92,59.40,66.89,59.12,50.61,46.04
2019-04-08,39.80,39.05,36.73,36.30,37.20,41.60,55.00,66.21,76.90,66.64,63.59,61.05,51.32,50.30,55.56,56.95,57.53,55.89,56.47,71.49,74.20,67.59,54.90,49.56
2019-04-09,50.16,46.66,42.56,42.45,42.55,46.66,55.86,65.65,72.33,72.07,64.14,61.56,52.11,50.17,55.00,57.04,60.12,58.98,60.53,72.44,75.73,64.16,54.76,51.06
2019-04-10,48.91,47.97,43.43,42.24,43.47,49.80,56.49,71.90,77.42,76.33,70.64,66.11,56.35,53.62,62.21,62.27,62.42,63.60,67.00,72.90,78.06,73.65,57.31,53.66
2019-04-11,50.32,48.97,46.94,46.19,48.14,53.55,59.04,71.50,75.08,74.32,69.99,67.84,58.56,57.40,65.14,67.82,69.25,59.07,60.00,70.32,73.63,65.07,55.86,53.53
2019-04-12,56.49,55.26,55.26,54.00,52.97,55.65,62.00,70.00,74.88,74.00,70.00,64.65,57.65,56.72,57.59,58.65,59.11,59.11,60.00,72.17,74.33,61.07,56.93,53.72
2019-04-13,53.77,53.64,52.60,52.00,50.42,52.44,55.07,57.72,60.41,59.22,59.54,56.49,54.06,52.59,52.09,52.44,53.64,52.81,56.33,61.06,69.17,59.32,56.70,52.81
2019-04-14,57.61,54.11,53.64,52.81,52.81,52.81,53.97,53.97,53.97,57.61,61.89,59.89,58.55,54.60,52.48,53.73,54.61,54.30,55.26,58.13,62.97,59.53,57.41,52.81
2019-04-15,53.97,48.40,46.10,41.89,41.21,49.50,56.44,62.82,70.34,62.33,58.23,55.53,49.34,47.30,49.75,52.97,55.92,56.28,58.50,66.62,71.55,64.99,57.70,54.30
2019-04-16,52.39,50.29,48.99,51.99,52.39,55.07,64.10,64.67,67.75,63.28,58.46,56.65,51.86,51.53,54.10,55.95,57.60,57.96,61.48,67.85,73.44,63.59,60.74,56.33
2019-04-17,55.10,54.03,51.18,51.12,51.09,54.50,61.18,68.56,69.19,64.79,60.40,59.41,55.35,53.11,55.23,57.14,59.82,59.86,61.22,71.30,75.04,64.72,60.03,55.91
2019-04-18,50.57,48.07,47.15,45.76,45.80,48.06,56.44,61.14,62.59,61.36,55.37,51.41,47.16,47.51,50.65,51.81,56.96,56.22,58.77,70.40,73.38,63.91,57.52,54.16
2019-04-19,49.58,48.74,46.41,44.73,45.89,47.89,55.45,56.85,57.73,55.95,50.47,47.79,40.00,38.26,40.80,45.00,48.06,50.23,56.02,58.51,69.74,58.75,56.37,52.69
2019-04-20,55.46,55.10,47.36,45.95,45.51,45.52,53.99,55.10,53.79,49.15,45.74,35.69,30.00,22.36,20.66,29.68,36.87,43.92,53.79,56.44,68.96,56.44,55.10,50.71
2019-04-21,52.70,46.32,45.15,44.85,44.42,45.37,44.88,45.79,44.81,44.52,43.73,34.39,29.06,9.74,6.15,9.65,20.87,30.87,44.42,53.36,57.02,56.44,53.40,48.80
2019-04-22,35.25,34.62,29.00,28.00,28.50,35.15,35.25,39.25,37.52,35.15,32.92,26.48,23.44,7.36,10.65,19.39,26.07,33.52,47.29,55.15,59.95,59.44,56.38,49.15
2019-04-23,47.37,39.15,37.21,37.11,38.00,43.58,55.15,61.42,68.72,65.57,72.52,77.47,61.25,63.62,77.13,79.03,79.78,60.95,58.56,69.46,74.65,64.07,56.50,51.00
2019-04-24,47.49,45.91,41.89,41.00,42.50,46.34,55.15,68.00,70.92,67.41,61.73,61.15,50.00,49.57,54.29,55.40,61.36,54.44,56.38,67.54,73.83,63.17,54.37,47.28
2019-04-25,50.02,47.54,47.04,46.52,46.34,47.12,47.07,46.15,48.03,44.59,43.20,37.98,35.65,32.00,30.50,30.00,35.05,41.21,50.00,57.61,66.52,59.81,54.94,46.99
2019-04-26,49.78,47.52,41.75,41.72,42.32,46.07,53.34,54.42,60.42,58.28,59.03,55.80,49.65,47.05,48.94,50.88,51.53,49.99,54.18,57.92,59.87,58.01,54.59,47.21
2019-04-27,51.77,46.66,45.46,43.89,44.04,45.90,47.43,54.56,55.72,55.77,49.75,38.85,30.48,27.66,24.95,27.82,34.25,44.13,49.32,59.35,61.35,59.73,55.88,46.88
2019-04-28,46.21,37.70,33.03,31.77,31.75,38.09,32.91,36.50,37.63,38.73,36.95,31.56,30.47,23.16,19.44,22.02,25.42,32.19,45.80,55.62,58.55,58.34,53.20,49.60
2019-04-29,41.15,38.93,38.07,37.50,37.63,45.01,50.61,59.18,60.41,58.62,56.11,54.61,48.74,46.63,51.35,53.44,53.89,54.67,56.07,59.12,61.16,57.98,55.46,46.35
2019-04-30,53.27,48.16,46.93,47.24,47.27,53.89,57.60,61.99,61.14,56.86,54.87,52.21,46.79,46.12,48.00,51.94,53.89,51.00,52.75,56.90,60.96,58.17,51.70,45.53
2019-05-01,52.83,55.13,49.65,47.17,44.68,46.70,45.61,48.75,46.99,43.82,41.83,33.03,30.74,21.86,21.87,29.45,38.83,44.39,55.36,61.00,66.80,66.13,62.05,56.60
2019-05-02,53.81,49.63,48.23,47.77,48.22,54.18,60.22,70.00,73.09,68.46,65.02,61.20,56.66,56.14,61.63,65.19,67.48,62.50,60.73,65.82,70.75,64.13,59.87,52.58
2019-05-03,58.54,53.41,51.81,50.47,49.75,56.40,58.25,60.55,64.45,62.81,68.55,66.88,55.63,57.73,65.76,66.64,68.98,62.03,60.66,63.02,70.84,63.42,59.43,50.56
2019-05-04,57.71,55.46,50.70,50.59,50.92,55.58,55.58,58.81,62.90,63.31,64.75,62.38,60.95,55.71,55.40,55.53,56.78,58.13,59.97,62.30,66.52,64.50,57.01,48.63
2019-05-05,49.00,44.81,35.51,34.76,34.03,42.50,35.51,41.58,43.34,39.19,36.81,35.10,32.44,30.46,30.05,30.81,31.96,36.74,49.61,55.31,59.77,58.23,55.68,46.52
2019-05-06,45.67,38.11,34.01,32.93,32.94,43.45,55.99,60.93,63.59,62.03,58.19,55.81,49.50,49.41,49.49,50.04,54.88,56.70,57.17,60.72,66.04,64.04,59.12,50.92
2019-05-07,51.00,49.52,47.90,48.00,49.60,52.43,56.62,63.75,67.13,60.21,55.87,52.84,49.72,48.32,49.92,51.51,56.44,60.17,66.01,76.32,75.98,74.69,62.87,55.50
2019-05-08,63.34,57.23,55.35,55.18,55.28,60.31,63.82,73.03,76.00,68.14,64.55,62.30,56.36,55.46,58.21,60.97,62.34,61.27,63.99,70.46,75.15,68.35,60.00,53.38
2019-05-09,56.83,54.15,51.13,50.00,51.13,52.06,57.67,68.25,75.96,71.83,64.57,58.29,50.18,47.45,49.70,51.60,51.84,54.67,56.64,60.64,64.49,63.13,56.79,50.76
2019-05-10,54.47,51.94,49.34,49.85,49.62,54.50,57.65,64.51,65.03,61.89,56.69,53.54,48.79,47.56,49.89,51.08,51.75,52.68,56.99,67.00,71.04,68.37,59.28,52.01
2019-05-11,61.74,57.17,55.08,54.99,55.02,55.46,55.52,60.35,60.74,57.01,53.25,51.00,46.07,41.30,40.00,43.70,46.26,47.78,52.52,59.59,63.53,58.63,54.12,49.55
2019-05-12,49.80,46.04,42.00,36.05,35.51,40.96,35.51,39.16,43.80,46.50,52.24,50.00,44.83,40.61,39.15,38.00,42.00,44.32,47.99,52.57,55.77,56.73,54.84,47.56
2019-05-13,56.22,51.62,49.77,48.75,49.13,53.22,58.56,59.26,69.83,64.41,61.25,57.73,56.26,55.56,57.65,57.64,58.38,58.75,57.79,60.23,62.18,61.83,58.76,51.00
2019-05-14,53.97,52.95,51.26,50.03,48.48,50.22,52.55,57.60,59.38,58.49,56.49,55.06,51.00,50.82,53.59,52.31,54.14,54.98,56.32,58.63,59.91,58.95,54.69,49.24
2019-05-15,53.14,49.84,51.19,49.27,51.89,55.12,55.76,57.06,60.76,58.70,57.93,57.55,52.64,52.01,54.82,57.34,57.55,57.55,57.55,60.77,68.31,58.99,55.95,50.86
2019-05-16,51.68,49.90,48.92,48.58,48.21,49.36,55.90,59.60,61.58,57.37,54.42,51.04,50.00,49.90,51.00,51.70,54.00,54.02,55.38,57.60,65.85,56.94,54.30,48.56
2019-05-17,51.81,51.49,47.74,48.24,47.61,48.81,55.81,60.49,62.13,58.69,56.00,51.12,50.21,49.61,50.83,52.59,54.23,54.09,55.51,56.42,62.19,56.16,53.02,45.35
2019-05-18,48.99,47.65,43.58,42.93,42.62,43.10,43.57,51.52,54.68,52.13,49.95,48.00,43.13,39.90,39.90,39.90,42.38,44.11,47.70,50.76,57.03,55.83,49.48,44.49
2019-05-19,46.20,46.97,39.48,38.82,39.05,38.40,37.40,37.13,42.58,45.90,50.82,50.17,45.89,36.91,36.49,36.68,36.79,41.26,42.76,52.07,58.93,58.95,52.07,45.00
2019-05-20,39.02,35.00,34.55,34.10,35.54,37.92,48.06,55.01,61.24,61.00,58.01,55.72,52.64,49.66,50.68,51.08,50.70,51.37,52.19,55.34,56.77,56.09,52.37,44.27
2019-05-21,42.55,36.00,35.27,35.27,35.51,38.87,46.05,53.60,60.66,56.23,52.86,47.95,44.33,40.41,43.14,46.42,50.01,51.27,51.50,56.25,58.42,57.00,53.60,44.56
2019-05-22,45.48,44.66,42.47,41.41,42.42,43.97,48.37,53.62,55.87,54.75,52.26,51.92,47.15,45.87,48.83,51.07,50.05,51.90,54.45,59.99,64.32,63.07,54.46,48.12
2019-05-23,48.14,47.41,45.27,45.09,45.64,45.78,49.80,51.47,56.74,55.57,52.23,48.41,44.05,43.39,45.41,48.64,47.90,47.82,51.51,55.81,64.12,61.15,53.03,46.88
2019-05-24,45.61,46.98,42.04,41.13,41.13,42.13,48.73,52.33,56.04,54.10,52.14,49.27,44.93,42.78,44.33,46.70,45.18,43.65,48.12,51.34,57.88,54.64,48.83,44.20
2019-05-25,45.20,46.35,43.63,42.71,40.41,42.64,40.71,46.77,50.55,49.95,47.51,43.07,41.60,37.04,37.75,38.73,41.74,42.86,44.39,50.86,58.17,52.90,46.19,42.48
2019-05-26,43.55,40.27,34.77,32.82,32.71,37.86,33.32,38.76,40.29,43.04,47.27,45.35,44.14,42.08,42.19,42.40,45.34,42.98,47.49,52.78,57.03,57.04,49.82,45.00
2019-05-27,34.76,29.46,23.88,20.00,23.93,29.47,39.47,47.30,57.17,57.02,53.10,53.04,48.08,47.06,49.60,50.02,52.08,50.36,50.20,53.36,55.11,52.07,47.11,41.95
2019-05-28,44.11,41.79,36.42,36.00,35.37,39.22,46.10,51.78,58.42,56.49,50.60,47.06,40.18,38.92,41.98,42.64,44.65,42.06,47.04,50.32,52.58,51.33,42.30,36.40
2019-05-29,34.40,33.07,30.57,30.48,30.32,32.77,41.24,47.45,51.60,49.91,45.50,41.32,34.59,33.27,35.23,39.63,43.50,45.09,46.16,50.94,53.27,49.92,45.00,40.23
2019-05-30,41.54,40.84,36.98,33.80,33.00,38.82,43.79,51.16,56.67,51.09,48.53,45.26,41.56,41.01,43.47,44.30,45.29,44.97,48.87,53.84,59.19,54.17,48.19,42.00
2019-05-31,44.02,43.09,40.71,39.98,39.98,37.59,45.20,54.54,58.61,55.38,51.24,50.58,44.41,41.97,43.57,44.45,49.15,47.26,48.40,51.71,56.72,54.45,49.50,47.12
2019-06-01,59.41,47.98,47.27,46.70,45.44,39.76,39.75,39.49,43.75,42.82,36.03,30.03,30.77,26.38,21.41,27.94,30.46,32.91,40.31,45.93,50.78,48.64,45.81,41.92
2019-06-02,40.72,39.78,38.87,35.00,34.00,29.99,30.64,30.51,32.18,30.00,31.38,28.89,22.07,15.00,10.00,15.06,25.00,26.33,35.80,46.70,54.59,60.04,49.88,44.91
2019-06-03,42.66,39.97,39.45,39.92,39.86,36.48,45.00,47.69,58.37,53.35,47.29,45.86,40.00,40.61,45.97,46.19,51.23,51.90,55.68,57.46,59.76,58.66,54.13,45.91
2019-06-04,39.21,36.68,34.04,32.96,33.34,34.55,40.96,47.18,57.20,48.58,43.73,40.09,36.87,35.14,37.53,40.98,42.91,43.11,45.51,55.54,56.64,54.80,45.27,40.74
2019-06-05,40.40,42.91,35.60,35.36,34.77,35.64,42.11,51.17,70.71,57.77,51.41,50.09,42.70,39.33,45.37,45.37,47.00,47.08,52.52,59.91,58.67,58.38,54.09,40.40
2019-06-06,42.74,38.49,35.17,34.24,34.61,34.92,43.27,56.42,69.96,64.18,54.38,49.19,44.37,45.04,46.52,52.42,54.96,57.23,58.04,62.27,66.03,57.94,51.84,42.08
2019-06-07,48.57,52.07,44.84,45.06,42.25,45.10,51.44,60.82,74.14,59.82,52.30,50.34,46.50,46.50,47.64,48.07,50.61,50.97,53.34,59.29,62.65,60.36,53.32,43.71
2019-06-08,58.45,54.96,49.13,45.27,44.69,41.34,41.23,46.47,52.80,51.23,48.11,44.56,42.50,35.58,33.80,38.64,43.02,44.79,50.53,60.20,63.48,63.44,54.68,47.09
2019-06-09,41.47,42.64,35.97,34.74,33.84,29.22,30.00,30.15,34.65,37.20,37.03,35.16,33.69,27.80,28.27,30.97,36.99,39.48,45.68,58.33,60.44,60.88,58.17,48.65
2019-06-10,42.19,41.59,40.32,39.82,39.76,36.69,40.29,49.67,61.04,61.76,51.94,50.09,47.98,47.98,51.94,52.67,59.50,55.63,60.58,61.92,62.06,61.42,56.75,45.76
2019-06-11,44.29,41.90,40.97,38.95,38.85,37.56,46.30,49.35,58.79,56.05,51.96,53.02,47.38,45.72,46.36,50.95,51.10,54.02,58.01,57.68,58.45,55.93,51.60,43.91
2019-06-12,52.33,43.25,42.34,40.25,41.56,39.97,45.70,54.94,60.00,57.92,58.38,53.72,45.84,44.70,50.48,53.64,54.94,56.33,57.58,60.95,61.81,57.94,52.94,45.68
2019-06-13,50.70,40.96,37.53,36.56,36.52,36.49,45.93,50.79,58.28,55.94,52.08,50.53,44.73,44.86,51.33,52.59,58.28,56.85,57.13,61.50,63.51,59.29,52.37,46.17
2019-06-14,43.67,46.65,40.67,37.56,39.43,37.87,46.54,52.94,60.27,54.36,48.88,49.74,43.31,43.31,47.79,48.88,52.71,55.65,61.34,66.66,66.54,64.06,55.77,46.22
2019-06-15,51.14,50.04,43.55,39.94,39.31,43.38,39.04,41.16,43.72,49.82,44.85,41.46,36.79,33.02,32.96,34.55,38.57,41.64,44.16,52.10,51.59,53.04,46.70,41.90
2019-06-16,45.17,40.38,34.63,33.88,34.19,32.46,31.21,31.67,34.67,36.97,39.09,37.20,36.97,27.00,25.60,31.55,41.69,42.03,45.72,50.28,59.81,60.71,58.92,49.91
2019-06-17,44.09,40.98,39.22,37.78,37.48,36.89,43.84,49.33,55.78,52.42,48.35,47.39,42.50,42.50,45.64,47.71,51.18,54.31,58.04,68.05,66.49,64.73,51.73,46.49
2019-06-18,52.54,48.24,46.75,47.60,47.60,47.34,54.15,56.59,66.14,57.43,55.32,52.65,47.39,45.02,54.00,55.86,58.97,56.24,57.30,64.76,68.04,62.34,55.22,46.80
2019-06-19,51.20,47.79,45.22,44.25,44.02,44.87,53.96,55.61,62.74,61.14,56.68,57.27,54.89,54.78,56.16,57.30,65.71,70.35,61.61,72.33,64.94,62.47,56.23,49.76
2019-06-20,52.90,54.19,53.18,51.07,50.55,48.94,51.45,56.94,61.85,58.93,59.43,57.86,54.53,54.02,55.75,57.71,59.48,60.59,59.26,67.60,68.71,62.16,55.56,49.37
2019-06-21,43.78,43.37,42.11,40.99,43.14,43.19,47.04,51.91,57.43,56.53,56.39,55.80,50.07,49.50,52.90,54.83,55.23,55.96,55.14,55.05,58.94,58.82,52.77,47.72
2019-06-22,50.61,52.06,50.76,44.43,43.28,39.60,39.75,40.53,42.50,45.41,46.43,43.97,40.08,38.78,35.94,38.41,39.01,41.92,45.83,49.84,52.80,53.33,45.69,43.12
2019-06-23,41.31,42.85,34.49,33.16,32.53,32.38,31.31,31.37,32.00,38.80,39.99,39.30,39.66,35.00,37.00,38.95,39.88,40.36,43.71,48.12,60.02,62.15,59.65,49.31
2019-06-24,45.31,38.58,33.31,32.97,32.95,37.81,45.57,54.80,54.55,54.22,51.71,52.60,45.59,45.35,48.56,50.48,52.02,52.11,54.81,58.69,56.58,56.57,49.86,45.31
2019-06-25,46.33,45.94,42.14,40.68,40.42,41.39,44.59,46.78,50.87,47.51,47.70,44.41,42.10,44.00,47.83,48.98,52.20,53.54,57.29,60.72,63.00,62.11,53.23,45.62
2019-06-26,49.88,51.31,45.60,45.00,44.42,45.12,50.00,56.10,69.66,62.94,56.76,57.19,54.25,54.90,59.14,59.00,65.39,68.00,72.40,73.55,74.60,75.20,60.31,52.03
2019-06-27,59.29,57.69,53.68,50.69,49.00,49.43,70.69,58.00,71.08,71.91,71.91,65.08,62.08,62.08,71.91,67.08,72.09,72.39,72.67,76.84,74.89,74.58,72.98,62.00
2019-06-28,53.27,52.97,49.77,46.90,46.11,45.00,49.05,57.20,59.88,62.16,68.00,57.49,54.42,53.42,56.82,56.82,59.42,58.80,57.22,61.93,62.78,57.09,52.23,46.45
2019-06-29,54.28,53.05,45.87,43.99,43.33,42.62,45.00,49.14,54.28,54.29,51.74,44.00,41.07,37.91,37.01,40.00,41.17,47.04,55.48,54.52,60.19,58.94,52.52,47.86
2019-06-30,48.49,45.66,41.09,39.14,37.62,34.66,34.84,36.49,38.39,43.10,42.32,41.23,39.70,38.07,38.37,38.65,41.00,47.15,51.13,52.99,62.93,66.36,62.22,50.70
2019-07-01,55.17,51.39,46.70,46.27,46.24,46.29,55.38,68.38,71.62,71.62,64.53,62.60,56.27,55.98,60.61,72.71,81.08,77.72,73.08,74.62,75.42,74.95,62.10,55.71
2019-07-02,60.00,58.61,55.11,53.38,51.80,51.92,60.88,65.26,71.79,72.10,70.28,69.10,56.54,56.57,60.14,66.41,71.01,71.67,72.39,73.05,75.12,74.96,61.83,55.88
2019-07-03,56.04,57.30,49.86,48.82,49.43,48.48,50.00,56.84,61.61,67.66,66.80,65.04,56.35,56.35,63.43,70.62,71.80,72.16,72.90,75.52,75.60,74.15,64.61,54.66
2019-07-04,56.66,51.67,50.65,47.54,46.14,45.97,48.50,53.96,58.49,58.61,58.43,57.93,53.12,53.90,60.11,65.03,61.62,62.09,69.02,72.12,65.02,66.85,65.07,58.55
2019-07-05,56.92,52.15,49.11,46.58,45.89,48.88,47.16,50.95,59.01,58.91,58.64,56.27,54.29,53.19,55.23,57.23,58.87,60.41,62.76,72.96,71.25,69.58,61.44,52.50
2019-07-06,59.92,57.81,52.47,49.34,47.47,48.25,47.78,50.63,51.23,52.70,49.57,44.26,44.37,43.50,43.50,43.22,44.90,49.53,54.95,61.46,61.58,63.71,55.72,45.93
2019-07-07,54.05,50.57,43.70,42.67,41.34,37.33,37.23,36.93,36.81,36.91,39.19,38.54,37.71,37.69,35.95,36.47,40.47,43.44,43.35,49.98,55.72,57.96,55.49,44.81
2019-07-08,45.80,41.75,40.72,38.13,36.72,40.00,44.45,49.07,55.20,55.97,53.82,50.72,49.57,49.57,55.00,58.02,59.08,59.83,60.10,61.87,62.05,62.06,58.64,49.54
2019-07-09,50.97,51.86,49.20,46.82,47.03,45.52,48.43,49.39,56.08,58.54,59.58,59.58,51.39,52.01,58.69,59.61,60.01,60.94,60.29,65.56,59.99,59.52,57.01,48.68
2019-07-10,51.91,52.16,45.85,44.31,44.43,48.00,53.66,52.61,58.70,59.61,57.18,54.01,49.40,47.76,49.89,50.25,52.91,53.14,51.61,54.18,54.47,54.63,50.90,46.85
2019-07-11,44.00,43.70,42.21,42.92,42.00,42.00,44.90,51.20,55.27,56.39,54.24,53.99,51.42,50.00,56.10,56.00,57.78,61.43,62.28,63.59,63.93,63.76,60.85,52.45
2019-07-12,58.65,54.32,52.98,49.30,48.83,48.76,53.96,59.94,60.41,60.49,58.84,58.59,51.03,50.04,52.70,56.18,62.33,58.05,59.50,60.55,60.06,59.49,55.55,48.04
2019-07-13,52.84,54.37,48.33,49.97,46.04,42.91,43.44,48.03,48.69,48.13,45.25,42.18,41.29,40.00,39.79,39.91,40.16,42.14,47.00,49.88,52.90,54.67,48.08,43.86
2019-07-14,42.97,40.62,39.37,38.49,37.17,36.98,35.21,36.87,35.49,36.92,37.00,37.16,36.43,34.04,34.09,36.91,38.20,40.55,44.92,50.49,54.90,54.98,52.22,48.43
2019-07-15,49.88,45.67,44.31,43.74,42.48,43.29,47.25,48.34,56.32,61.09,58.00,57.10,52.79,54.03,57.26,56.80,59.60,59.71,56.40,57.33,57.68,59.56,49.42,47.55
2019-07-16,46.78,44.89,43.53,42.66,42.60,42.17,44.00,47.12,49.74,48.44,47.13,46.92,45.00,45.00,45.28,45.44,46.70,47.23,48.81,52.81,52.68,52.25,50.00,45.41
2019-07-17,42.77,42.06,42.01,42.01,42.00,42.00,44.03,50.42,51.74,51.05,48.85,47.70,45.00,43.56,45.00,46.35,49.36,51.51,53.35,55.84,58.20,54.89,53.64,47.82
2019-07-18,44.45,48.20,46.20,45.20,47.00,46.80,43.80,48.73,53.23,52.30,50.03,45.90,43.69,43.58,45.54,50.00,53.00,53.51,54.41,57.76,57.93,56.07,53.11,47.06
2019-07-19,52.83,49.99,49.24,49.64,48.76,49.67,55.00,59.92,61.57,61.38,56.32,56.57,50.58,48.00,52.96,56.32,56.07,59.72,59.90,61.95,61.17,62.81,54.40,51.05
2019-07-20,49.54,47.34,46.06,46.98,45.60,43.63,38.56,42.59,45.57,42.67,41.55,40.07,39.45,38.07,38.43,38.87,40.10,42.71,48.42,49.71,52.56,51.34,48.73,42.93
2019-07-21,49.01,47.91,45.13,41.48,39.23,37.92,35.38,36.51,39.86,41.80,40.86,38.91,38.68,37.99,37.16,38.50,39.45,42.00,47.14,50.85,55.41,57.05,53.22,50.23
2019-07-22,47.73,47.09,45.77,43.32,43.31,44.15,45.00,48.07,56.62,56.43,55.00,52.22,50.00,50.01,54.21,56.07,58.82,60.75,62.88,65.18,65.17,66.42,63.24,57.18
2019-07-23,50.26,48.46,48.00,46.31,44.72,42.00,45.20,51.22,54.43,56.24,55.68,52.76,45.63,47.38,54.16,55.22,58.12,61.09,63.00,65.79,65.94,65.89,58.59,49.64
2019-07-24,56.10,47.17,43.27,41.47,42.08,43.06,47.69,57.21,62.71,58.93,56.97,62.57,59.86,60.50,63.51,66.82,66.64,69.44,70.90,76.05,73.46,73.47,67.80,59.82
2019-07-25,57.22,51.44,45.75,45.20,44.70,45.55,54.81,58.85,57.60,60.28,63.61,65.12,64.90,64.57,65.40,70.24,72.31,72.14,72.93,73.01,73.13,73.14,71.60,65.00
2019-07-26,58.94,55.67,54.91,49.45,47.16,49.76,55.27,58.23,65.17,66.77,65.73,66.25,57.50,59.50,69.48,67.00,71.02,72.26,73.30,73.40,73.43,73.42,62.96,60.48
2019-07-27,56.89,51.30,45.67,46.10,45.18,45.31,41.20,47.49,51.04,50.11,48.45,48.04,46.00,43.96,43.92,45.24,47.00,53.66,55.97,58.60,58.85,59.59,54.79,48.26
2019-07-28,42.75,41.48,42.03,37.32,36.28,35.33,33.54,33.58,34.08,35.00,36.14,34.95,34.26,32.88,30.99,30.20,31.20,34.49,38.00,41.09,44.27,47.77,43.79,41.56
2019-07-29,37.16,34.05,32.65,32.46,32.70,34.82,39.72,42.52,47.45,53.59,50.20,50.00,48.20,48.20,54.91,56.57,57.80,60.25,57.61,59.29,62.52,63.59,57.57,48.88
2019-07-30,43.80,40.42,39.74,40.70,40.70,41.72,44.94,46.37,53.08,52.77,52.19,51.30,44.87,45.06,49.00,50.00,53.29,57.50,57.68,64.50,59.86,60.47,51.37,44.62
2019-07-31,50.00,45.00,42.18,40.00,40.00,40.93,45.91,50.95,60.95,60.95,56.57,57.53,50.17,50.00,52.22,59.22,61.20,62.40,62.88,64.85,64.82,66.64,63.00,51.56
2019-08-01,58.09,47.80,41.35,41.06,41.00,41.76,42.44,45.68,50.88,52.40,49.18,49.00,46.46,48.11,51.18,51.00,55.87,58.51,60.85,61.34,67.20,61.51,57.61,49.87
2019-08-02,44.99,44.82,41.74,40.64,40.67,42.43,45.00,46.70,51.16,51.64,48.44,49.00,46.34,45.00,46.76,45.00,48.73,50.63,52.06,56.74,56.13,55.67,47.13,44.24
2019-08-03,53.62,52.96,51.18,48.22,47.74,45.88,45.63,46.94,45.91,44.17,40.56,39.09,38.75,38.02,37.34,38.01,38.97,42.45,46.76,54.91,59.02,58.26,52.23,45.67
2019-08-04,45.89,44.13,44.06,43.25,41.77,41.66,41.48,42.08,39.12,37.64,38.86,38.38,38.24,36.45,35.85,37.00,38.81,39.35,44.12,48.96,57.90,59.43,54.77,49.56
2019-08-05,52.09,46.51,45.23,43.82,42.27,41.34,46.44,48.26,50.32,49.91,46.96,45.37,45.56,44.25,45.77,48.78,49.96,54.20,54.96,59.14,60.21,61.41,56.77,53.58
2019-08-06,51.71,50.35,46.91,45.88,45.99,44.26,45.86,48.15,46.53,48.42,44.85,45.92,44.06,44.33,44.41,45.51,50.54,54.30,57.38,58.19,59.56,59.25,55.59,50.05
2019-08-07,55.57,49.28,43.55,43.07,43.40,44.60,46.20,47.86,56.37,56.16,52.63,52.50,49.00,48.00,51.37,51.37,52.94,58.81,60.12,61.12,61.18,60.44,54.47,48.49
2019-08-08,46.30,43.30,41.85,40.01,40.02,42.60,44.40,45.28,49.41,50.91,48.97,49.24,47.17,46.13,47.85,49.88,53.41,58.91,59.59,61.76,64.33,60.07,56.02,49.86
2019-08-09,55.70,52.26,47.95,46.20,43.79,42.59,47.27,47.97,47.96,48.04,43.83,44.05,44.11,43.26,44.60,44.68,47.97,54.62,59.84,62.83,65.31,62.57,57.79,53.67
2019-08-10,60.08,54.79,51.24,51.25,48.85,48.82,49.43,52.51,52.28,50.06,47.11,46.33,46.35,45.47,43.23,41.56,44.22,52.47,56.47,65.71,66.25,65.82,58.29,54.98
2019-08-11,60.52,58.88,55.86,54.39,52.68,55.26,48.37,46.72,45.38,43.26,47.06,47.06,47.08,45.00,45.00,45.00,50.67,57.34,60.43,63.00,68.27,68.12,65.67,60.84
2019-08-12,62.39,56.31,54.03,54.56,52.76,54.05,56.67,58.72,57.97,55.54,50.63,47.16,47.20,48.60,51.81,58.73,61.15,70.54,73.66,70.56,71.46,71.89,65.57,60.32
2019-08-13,56.84,53.86,47.94,44.39,42.59,43.23,41.33,45.95,46.10,46.03,43.91,43.06,43.05,42.39,44.02,45.28,48.18,50.87,59.26,65.39,65.99,64.98,54.53,47.06
2019-08-14,42.54,40.09,36.65,33.49,33.13,34.79,36.92,37.28,40.58,40.41,39.47,36.30,35.51,35.01,35.51,36.22,37.57,39.30,44.02,47.73,58.56,50.21,45.96,42.54
2019-08-15,44.20,45.09,40.41,37.59,37.68,38.26,35.22,34.67,33.62,31.10,30.36,29.62,28.00,21.26,20.00,27.03,30.50,32.00,34.97,48.40,58.23,57.55,51.78,49.12
2019-08-16,45.34,44.59,42.02,37.93,37.88,40.73,40.28,42.42,38.70,39.18,37.41,36.26,35.17,33.90,34.22,35.00,36.60,38.59,42.57,61.20,63.00,61.03,50.78,46.43
2019-08-17,44.41,40.28,39.38,38.87,38.75,38.85,38.24,35.02,35.02,34.47,32.99,32.85,32.79,31.50,31.94,32.87,34.00,36.00,45.36,62.70,63.39,62.87,54.50,46.78
2019-08-18,44.76,42.15,39.73,38.98,33.97,36.60,33.99,33.82,32.61,32.11,32.99,32.78,32.24,31.14,31.15,32.99,34.02,36.00,38.17,50.13,63.03,62.82,52.55,42.01
2019-08-19,43.27,40.10,39.87,35.93,36.11,37.78,43.75,44.67,44.68,40.62,38.92,38.90,38.00,38.90,40.01,45.00,46.04,48.50,61.23,66.86,69.82,65.66,58.87,52.48
2019-08-20,46.79,41.22,39.98,39.84,39.81,40.28,42.69,43.24,45.22,45.77,43.30,42.14,40.28,39.72,39.86,41.83,47.67,49.60,58.63,61.87,65.78,59.73,53.05,50.31
2019-08-21,46.20,40.64,41.37,40.98,41.01,40.60,42.26,42.27,44.80,46.61,42.31,40.42,39.51,39.62,39.57,42.06,44.26,51.83,55.22,66.14,66.96,58.32,48.33,45.32
2019-08-22,43.92,39.06,37.86,38.67,38.08,37.82,41.56,42.39,45.01,44.99,43.67,41.58,40.19,39.70,42.14,44.14,45.94,48.38,59.91,65.91,65.78,61.40,47.96,44.31
2019-08-23,43.31,41.99,38.72,37.11,37.39,38.19,40.00,40.78,44.95,45.32,45.11,44.25,43.80,43.44,43.15,46.86,46.88,51.01,65.85,66.36,66.59,62.51,50.72,44.98
2019-08-24,47.86,49.68,46.94,43.46,42.59,44.16,42.37,43.33,45.49,42.52,41.38,37.10,37.03,35.48,35.28,38.70,39.79,41.80,52.68,60.23,61.83,59.67,48.39,41.72
2019-08-25,46.03,49.20,45.83,47.43,46.83,47.09,40.63,35.60,35.84,37.29,39.52,38.04,36.83,35.93,35.90,36.67,40.00,40.08,47.88,59.54,64.91,58.89,52.46,46.59
2019-08-26,45.19,42.08,40.49,40.52,39.95,41.32,51.64,47.51,54.76,50.74,48.18,47.79,44.13,43.59,49.63,53.45,57.78,67.07,69.52,75.06,68.98,69.84,59.13,52.68
2019-08-27,56.69,50.84,49.95,49.50,49.36,50.16,60.70,59.05,70.61,60.60,58.44,59.76,50.76,50.90,60.46,60.73,72.78,73.92,75.16,75.68,87.49,75.30,68.89,62.23
2019-08-28,60.31,53.77,49.31,50.09,50.09,53.08,60.71,66.57,73.87,74.44,72.88,72.85,72.88,73.31,75.05,80.01,86.39,89.08,77.04,82.33,90.01,76.23,75.45,66.63
2019-08-29,54.63,46.99,46.42,47.56,47.55,47.51,54.13,58.49,71.60,73.52,65.89,66.23,63.60,64.77,72.70,73.87,73.92,82.15,82.06,82.29,87.57,77.73,72.95,60.68
2019-08-30,50.12,46.62,46.68,44.12,43.95,47.15,50.49,55.54,62.77,63.72,60.78,60.48,54.82,55.95,61.20,68.86,70.33,71.43,72.43,75.08,76.14,73.77,61.58,55.08
2019-08-31,60.72,50.40,47.67,46.97,45.00,45.61,45.00,45.12,48.97,46.00,45.39,45.26,44.14,42.85,43.61,45.12,49.22,51.76,60.30,61.80,71.76,60.66,52.81,47.18
2019-09-01,49.48,46.27,47.04,46.29,46.94,44.38,47.83,46.31,45.78,49.48,50.56,48.86,47.35,45.64,47.61,48.00,48.00,48.00,53.31,58.23,68.39,56.17,55.24,47.91
2019-09-02,44.83,41.76,40.14,39.64,40.14,43.16,53.00,57.03,71.43,70.04,70.97,70.97,57.00,70.91,70.97,71.93,71.50,72.96,73.95,74.57,74.23,74.15,56.53,55.32
2019-09-03,45.73,43.79,41.51,40.72,40.51,43.52,52.73,56.04,70.11,71.20,58.74,57.03,49.04,49.25,54.00,56.97,57.27,57.83,56.33,66.19,63.45,57.61,45.72,43.35
2019-09-04,39.76,39.00,38.60,37.52,37.67,38.85,47.15,47.06,56.05,52.03,48.26,45.06,42.02,40.90,46.00,52.46,55.23,59.41,61.20,74.11,74.62,63.20,51.40,46.99
2019-09-05,45.04,40.00,39.00,39.00,39.00,39.85,49.33,57.71,58.21,56.94,55.98,50.66,45.58,44.87,49.37,56.92,57.80,62.14,59.70,69.89,74.10,70.03,56.14,48.63
2019-09-06,46.31,42.11,40.87,40.63,40.83,41.96,50.96,57.57,66.11,66.70,60.84,58.09,49.85,48.28,55.00,57.96,57.96,58.46,52.33,58.99,58.92,54.23,49.23,42.38
2019-09-07,45.00,43.24,38.58,38.53,39.12,39.12,41.53,41.75,43.00,45.07,39.98,37.89,36.00,35.05,34.88,35.26,36.00,41.06,45.80,51.08,56.25,48.71,46.37,39.35
2019-09-08,42.43,37.90,37.73,36.76,35.12,36.57,37.25,36.99,37.50,37.39,36.31,35.30,35.46,32.20,32.30,32.30,34.14,35.79,38.53,49.21,52.59,47.99,44.58,39.55
2019-09-09,40.24,35.32,34.27,34.30,34.05,36.90,42.73,48.08,49.51,50.37,49.08,46.86,43.30,43.88,42.72,43.28,46.53,46.97,53.52,60.78,60.70,53.52,47.61,43.27
2019-09-10,46.71,43.34,42.92,42.71,43.00,43.66,52.99,57.02,57.90,56.93,55.00,51.20,45.00,44.01,49.22,55.00,56.93,57.00,57.08,56.69,59.89,53.13,46.95,44.39
2019-09-11,44.33,42.99,41.82,41.64,41.82,41.99,47.50,53.17,55.25,52.36,47.59,45.00,42.46,42.39,44.50,48.00,53.61,53.93,56.21,58.60,59.26,53.16,48.13,45.21
2019-09-12,45.67,43.55,42.55,42.03,42.03,43.18,53.00,52.78,55.97,50.44,47.02,45.01,42.18,42.18,45.00,47.02,52.17,52.67,53.27,58.55,59.55,55.84,49.59,43.00
2019-09-13,43.76,42.53,41.67,41.62,40.25,42.20,50.00,51.52,51.38,50.36,50.48,47.37,42.53,42.53,44.90,49.37,50.24,51.52,54.72,59.70,60.70,56.73,52.02,47.11
2019-09-14,48.37,49.24,45.16,42.17,40.23,40.77,45.12,47.73,48.28,48.31,43.56,40.70,38.43,37.61,37.65,38.43,40.76,44.11,49.74,57.09,53.62,47.18,43.77,39.95
2019-09-15,48.36,42.28,39.43,38.43,37.65,38.65,41.85,39.15,38.00,38.65,38.72,40.43,37.61,36.46,36.99,38.00,41.16,42.85,49.63,57.89,64.76,57.56,54.24,47.03
2019-09-16,44.19,41.94,40.62,41.24,39.78,42.87,51.16,55.52,60.54,56.41,54.35,55.00,50.00,50.32,51.35,55.00,61.23,62.89,66.19,74.24,74.30,58.65,54.88,49.96
2019-09-17,47.05,44.98,42.22,40.81,40.40,41.46,50.65,53.65,54.91,53.83,50.54,49.67,45.71,44.83,48.00,51.00,52.70,56.47,59.12,73.84,63.49,56.77,52.34,47.48
2019-09-18,46.26,43.80,43.03,42.99,42.66,47.68,54.96,56.52,65.16,63.23,58.88,58.86,53.73,53.66,56.79,61.84,70.13,68.08,69.25,74.19,69.14,63.30,55.71,51.16
2019-09-19,48.96,43.63,41.82,41.55,41.68,45.96,57.69,69.80,72.25,74.70,70.29,71.05,69.67,68.80,69.75,69.79,70.24,70.42,72.34,74.18,67.75,67.25,53.93,49.41
2019-09-20,46.07,43.10,41.33,39.77,41.10,44.82,55.31,64.05,71.35,70.96,53.68,48.88,46.50,47.47,52.69,52.35,54.81,56.91,64.78,74.20,73.87,57.70,49.21,44.84
2019-09-21,47.14,43.08,41.67,40.16,39.76,40.69,42.44,45.62,45.74,44.01,39.76,38.93,37.21,33.35,33.99,38.10,39.15,48.82,52.63,61.68,58.68,52.74,45.89,40.91
2019-09-22,46.97,40.18,38.47,38.38,37.79,37.99,39.50,42.30,42.87,46.89,50.23,50.21,49.80,44.54,43.25,45.71,47.35,46.99,50.09,60.60,61.95,50.27,47.45,39.98
2019-09-23,41.28,35.75,33.46,31.90,32.60,39.31,49.51,56.57,61.34,70.00,60.55,57.72,54.95,54.39,61.94,56.67,58.63,60.91,58.86,72.77,61.53,52.17,46.20,40.85
2019-09-24,39.96,39.50,38.92,39.15,39.15,40.29,54.32,59.59,68.17,67.64,64.51,58.18,45.73,44.00,50.85,58.57,59.85,62.12,70.78,75.27,73.04,63.86,56.17,45.34
2019-09-25,45.74,45.17,41.51,41.02,41.52,50.64,66.92,74.67,75.03,72.19,73.67,64.34,52.49,50.87,55.64,64.85,71.04,72.20,73.50,75.01,72.86,73.12,53.05,42.95
2019-09-26,41.30,40.29,39.35,39.29,39.30,41.07,56.00,69.90,65.00,69.35,65.42,61.48,46.15,45.12,49.17,54.00,64.00,65.99,69.90,78.03,75.96,67.18,55.20,46.49
2019-09-27,47.99,44.17,42.07,42.00,42.00,46.09,67.19,72.04,71.85,71.00,68.00,63.16,51.00,51.00,60.68,67.70,71.85,72.34,74.83,94.09,77.33,73.51,65.33,56.38
2019-09-28,60.00,58.29,50.84,47.65,47.13,49.06,56.77,60.21,61.00,59.30,53.00,47.56,41.04,39.84,39.00,39.61,45.48,52.96,61.74,75.05,74.31,63.08,55.29,43.31
2019-09-29,43.89,40.37,38.92,38.04,38.32,38.57,41.91,44.71,42.97,44.03,47.42,42.43,39.65,37.65,36.44,38.30,40.58,43.20,55.26,70.09,66.43,62.29,52.20,40.28
2019-09-30,40.00,35.03,30.99,30.50,31.00,37.49,52.81,65.00,70.86,67.31,61.46,54.59,46.94,48.66,52.46,58.28,66.47,70.24,70.91,80.02,72.47,65.69,65.50,52.35
2019-10-01,44.48,45.56,43.44,43.11,43.50,50.30,65.00,70.95,72.68,71.36,66.95,61.72,50.30,52.82,60.12,62.61,67.96,71.18,76.15,78.47,72.34,70.50,60.68,50.32
2019-10-02,42.00,41.88,42.00,41.00,41.86,54.18,69.99,72.99,73.16,81.78,66.93,71.13,57.66,58.61,64.40,64.72,68.09,70.98,70.99,75.36,73.16,65.00,56.00,41.00
2019-10-03,41.29,40.42,39.98,39.70,40.20,48.68,55.90,67.00,71.65,70.30,64.11,64.45,59.28,54.56,58.90,57.76,58.45,61.29,65.06,71.26,64.33,55.07,44.89,39.66
2019-10-04,40.69,40.00,39.60,39.57,39.81,40.46,51.90,69.18,74.58,69.99,65.09,61.54,54.48,55.94,59.07,66.21,68.58,66.59,74.05,75.93,75.65,71.24,62.15,50.00
2019-10-05,53.00,52.00,48.34,48.34,45.68,48.34,55.17,62.12,62.51,60.59,50.86,46.21,40.97,37.99,37.50,39.15,41.51,48.34,58.89,71.53,65.38,58.77,51.98,46.74
2019-10-06,43.72,41.21,40.48,38.42,38.40,38.40,41.00,42.38,44.42,41.95,41.00,40.00,38.68,35.80,36.95,36.98,40.84,41.60,50.27,63.72,61.82,53.54,49.10,43.45
2019-10-07,44.79,44.00,42.26,42.05,42.07,44.80,60.46,73.11,80.51,77.27,73.13,71.64,60.46,63.40,67.43,69.27,70.79,70.95,71.33,76.17,71.20,58.27,50.99,46.67
2019-10-08,45.05,44.00,41.14,42.00,42.00,44.46,53.96,64.52,70.37,64.82,59.67,59.29,49.22,49.36,55.25,65.02,72.98,75.00,80.43,99.61,84.49,75.05,63.99,52.36
2019-10-09,49.26,47.20,46.60,46.53,46.94,48.24,60.46,72.51,71.40,70.55,66.60,54.61,47.54,47.58,59.69,62.06,67.33,71.17,72.21,75.94,69.58,60.63,47.99,44.96
2019-10-10,43.55,43.55,43.45,43.35,43.45,43.71,60.46,68.86,69.15,66.19,59.47,52.08,44.12,43.47,48.99,54.68,64.93,67.18,73.00,76.87,75.41,69.24,50.36,46.00
2019-10-11,47.75,45.00,44.62,44.62,44.78,48.33,68.64,70.62,71.53,66.72,65.40,60.40,47.61,44.87,54.90,64.02,70.66,70.63,72.84,78.09,74.06,69.13,51.11,47.57
2019-10-12,57.87,51.70,46.49,41.37,40.23,44.85,58.08,61.26,52.45,50.65,42.86,40.69,39.85,38.16,38.13,39.92,42.25,48.34,60.89,66.34,62.65,54.55,44.23,43.63
2019-10-13,42.90,42.82,40.15,39.73,39.66,40.04,41.05,43.08,43.43,43.84,40.42,40.25,40.09,37.86,37.77,39.92,43.32,49.87,60.66,71.02,68.08,60.41,48.99,40.89
2019-10-14,46.31,44.12,40.11,39.29,40.05,46.21,70.85,73.57,74.27,73.34,64.78,62.89,50.76,50.41,63.01,70.81,73.18,73.62,76.82,77.92,74.52,70.25,51.09,46.36
2019-10-15,45.96,44.15,41.75,40.89,41.56,45.18,61.89,73.16,73.12,73.11,68.57,63.96,49.07,47.89,62.78,64.81,70.00,72.80,74.47,76.81,70.31,62.77,50.38,45.31
2019-10-16,45.00,41.56,40.68,39.83,40.46,42.47,51.47,73.12,76.40,73.17,63.41,54.46,45.98,45.86,48.65,57.16,68.82,73.22,75.22,75.60,75.61,74.67,55.81,48.85
2019-10-17,47.94,44.43,43.78,43.61,43.77,47.63,62.30,73.82,73.45,73.18,64.36,57.57,50.96,48.80,50.85,64.45,72.80,74.61,75.58,81.02,77.38,71.85,62.62,51.80
2019-10-18,51.98,46.34,45.85,45.64,45.72,49.85,66.88,73.32,73.99,72.84,68.43,62.93,51.69,51.01,62.79,68.58,73.00,74.30,73.32,77.69,73.36,73.40,63.66,47.89
2019-10-19,58.56,53.18,48.65,47.80,47.82,47.72,57.04,64.55,68.20,65.86,52.89,46.81,43.93,43.14,43.00,44.17,45.02,54.39,68.65,74.62,69.44,57.44,45.00,43.61
2019-10-20,42.60,39.56,40.25,39.91,39.05,39.39,41.91,43.17,43.25,42.40,43.16,43.34,41.97,37.11,36.78,39.61,40.53,40.73,49.87,65.40,64.60,56.77,43.67,37.89
2019-10-21,39.78,35.94,34.12,33.40,33.53,39.34,47.22,63.00,62.58,59.10,51.91,52.17,47.23,46.15,49.47,52.01,59.14,60.85,74.06,74.22,66.39,53.06,48.44,45.02
2019-10-22,43.67,42.41,40.94,40.80,41.47,43.67,46.99,56.43,62.32,60.95,54.05,51.51,47.00,45.80,45.51,47.17,50.31,54.88,61.06,66.21,56.17,48.96,44.49,43.21
2019-10-23,45.53,44.79,41.30,38.96,39.22,42.00,48.94,60.96,66.40,60.44,53.65,50.15,45.24,44.38,44.43,46.53,48.05,52.00,60.96,68.59,54.57,49.10,46.00,44.89
2019-10-24,38.07,36.71,31.47,30.38,31.72,38.00,44.25,52.31,60.00,56.79,52.08,48.54,44.36,44.63,46.97,48.05,48.77,55.00,60.00,66.19,57.00,47.25,44.25,42.23
2019-10-25,38.77,36.54,29.99,32.19,32.67,39.62,42.88,47.90,52.72,52.49,46.09,44.54,42.73,41.41,41.67,42.96,44.66,47.05,51.78,58.56,48.19,44.52,41.64,39.14
2019-10-26,37.66,36.04,32.93,32.70,32.70,32.90,37.66,45.68,45.76,42.50,37.19,34.32,32.91,30.84,31.13,32.88,37.78,41.36,58.18,65.35,61.98,49.61,38.98,37.77
2019-10-27,38.97,36.64,35.21,34.05,34.06,34.06,36.13,35.43,35.99,36.24,34.99,33.83,35.19,34.55,35.87,40.44,44.22,50.95,62.50,63.58,61.69,50.68,43.49,37.74
2019-10-28,36.77,33.43,32.38,30.78,30.94,36.10,45.01,53.34,55.49,55.66,54.62,51.00,48.00,50.90,53.00,58.00,61.26,61.80,64.29,62.32,59.39,52.13,46.42,42.30
2019-10-29,40.77,40.00,35.83,36.14,37.55,40.60,45.03,53.50,58.00,55.05,52.94,50.93,49.26,48.64,52.30,58.00,59.24,63.13,66.70,62.08,55.30,46.65,44.29,40.97
2019-10-30,38.46,37.02,36.14,35.58,36.15,38.25,46.67,54.12,57.60,54.82,55.07,55.07,55.00,53.00,53.68,57.90,58.50,61.57,67.25,60.95,56.28,46.18,44.18,42.17
2019-10-31,38.48,35.97,33.97,33.16,33.95,36.07,42.69,48.41,55.50,55.35,50.00,49.49,48.48,48.06,48.10,51.00,55.90,59.38,62.03,62.03,57.03,45.42,42.49,40.00
2019-11-01,40.29,39.10,38.28,36.53,36.53,36.02,37.47,38.05,37.90,40.72,41.67,41.67,42.75,41.61,41.00,44.01,46.20,53.05,51.34,49.55,50.63,46.76,42.71,37.47
2019-11-02,35.63,33.60,31.86,32.07,32.46,33.49,38.23,42.28,44.03,45.00,45.14,54.00,43.27,40.26,42.89,43.77,47.56,57.46,55.38,55.83,45.60,42.68,36.66,31.30
2019-11-03,24.94,22.16,11.18,9.00,7.13,10.73,14.27,20.00,23.02,27.53,32.27,32.36,33.09,31.81,31.57,35.09,37.07,41.07,42.83,41.04,38.29,34.30,31.37,26.46
2019-11-04,26.68,24.94,22.51,13.64,11.32,20.00,35.50,43.56,40.17,39.70,38.45,37.93,36.29,38.07,39.02,41.43,46.53,54.22,54.30,48.91,46.18,42.24,37.20,30.00
2019-11-05,26.50,25.64,25.97,24.99,26.04,27.94,38.92,45.52,42.65,42.17,43.69,44.00,41.15,42.49,44.07,44.53,49.45,60.71,62.89,53.72,49.30,44.35,41.21,38.30
2019-11-06,36.97,35.75,34.27,33.79,34.45,37.74,45.63,55.77,57.77,56.92,56.80,56.44,54.42,55.80,57.28,57.39,61.63,77.08,77.38,67.02,56.85,49.37,45.01,40.30
2019-11-07,39.07,35.95,33.40,32.67,32.11,35.22,42.62,48.12,51.29,48.56,47.54,46.36,43.91,44.57,45.61,46.83,50.52,59.36,58.05,57.86,49.04,46.90,41.09,38.99
2019-11-08,40.00,35.64,32.07,31.82,33.19,36.75,45.56,52.33,69.69,66.80,52.64,53.96,45.91,46.10,51.08,55.67,60.00,66.47,65.00,63.13,53.92,49.43,46.00,43.19
2019-11-09,42.63,39.78,38.81,36.94,36.20,37.80,42.66,43.88,43.41,44.57,44.15,42.55,41.42,40.01,41.23,42.80,46.01,54.86,55.50,57.37,48.68,43.53,39.66,36.67
2019-11-10,37.57,35.30,35.13,34.22,33.86,35.01,35.60,37.52,37.52,39.12,38.40,38.84,40.10,37.80,39.68,42.64,46.41,53.71,55.35,56.00,51.01,47.00,44.39,41.16
2019-11-11,41.83,38.59,36.20,34.75,34.80,36.58,44.99,47.76,51.09,51.09,50.71,49.00,47.69,47.60,50.02,51.09,53.78,58.70,58.38,56.35,51.47,46.70,45.16,44.31
2019-11-12,41.05,38.12,35.40,32.94,32.53,40.00,48.00,53.66,58.50,60.00,57.43,56.00,52.01,51.01,51.62,52.48,57.43,65.00,64.43,62.85,57.43,52.30,49.03,44.74
2019-11-13,42.92,39.25,37.95,36.32,36.82,40.00,49.54,60.00,67.20,64.90,62.48,58.83,50.83,54.01,55.62,58.29,63.51,75.32,80.15,72.30,58.73,52.85,49.57,45.54
2019-11-14,43.83,42.20,40.36,41.18,41.22,44.55,51.75,58.26,60.50,60.51,56.80,56.05,53.58,54.26,55.41,58.00,63.47,71.00,78.89,72.36,60.72,56.47,51.69,48.53
2019-11-15,46.20,44.50,42.03,37.98,37.57,40.07,50.83,60.00,68.98,69.55,64.80,62.33,62.21,58.35,57.52,54.07,58.65,65.74,70.73,62.45,58.00,51.84,50.33,47.57
2019-11-16,45.67,43.49,40.08,37.19,37.32,39.64,44.04,46.87,47.26,50.16,50.90,50.16,49.27,47.65,44.14,44.64,47.12,52.55,57.80,54.54,51.79,49.27,48.87,47.88
2019-11-17,41.73,40.00,33.09,32.23,32.25,33.75,36.50,37.40,38.56,41.19,43.12,43.81,44.08,42.32,41.00,42.34,43.74,50.16,52.75,56.65,52.79,48.47,47.62,43.43
2019-11-18,42.70,40.23,39.69,36.89,35.68,39.00,49.84,60.51,64.93,64.14,61.12,57.48,56.57,56.95,59.06,60.00,70.00,75.16,85.00,73.65,67.50,59.15,53.00,48.20
2019-11-19,48.20,44.74,44.15,43.66,43.64,45.45,56.12,63.00,71.98,71.31,69.01,68.36,64.93,65.20,66.31,65.23,70.43,79.95,77.41,75.23,66.72,60.87,52.08,48.89
2019-11-20,50.53,48.38,45.71,44.32,42.40,45.32,55.52,64.63,73.87,64.25,58.36,57.21,56.18,55.75,56.42,60.09,65.34,73.73,73.16,75.75,64.05,56.42,53.80,48.79
2019-11-21,47.88,44.14,42.68,41.50,41.27,43.53,51.17,60.61,68.60,62.82,59.65,59.17,54.98,56.34,56.89,60.82,64.06,70.32,69.20,68.68,63.60,54.89,52.50,48.00
2019-11-22,48.64,43.45,41.68,41.68,41.45,42.58,51.58,55.55,55.09,56.84,54.08,52.56,51.80,51.08,52.16,60.00,63.17,69.93,63.03,59.03,53.44,51.84,47.14,44.49
2019-11-23,45.00,40.30,38.50,35.57,32.09,37.60,44.61,46.80,45.76,45.30,45.00,45.30,46.30,44.13,43.59,44.61,47.27,52.23,52.12,54.38,50.84,48.91,47.15,44.49
2019-11-24,42.65,37.98,32.00,31.95,30.00,30.10,32.77,39.79,44.53,44.71,44.31,44.52,45.32,44.52,44.52,44.54,45.01,50.00,51.77,51.80,49.96,45.70,44.64,39.80
2019-11-25,38.19,36.30,36.02,35.40,35.38,37.84,50.00,60.42,58.37,58.42,57.30,57.90,53.70,54.08,57.05,59.23,59.28,67.11,63.56,65.93,59.30,51.75,49.09,44.20
2019-11-26,41.83,38.57,36.20,35.91,35.98,40.32,49.80,53.52,54.79,54.58,54.79,53.71,52.90,52.59,52.99,60.34,68.73,74.53,70.86,65.48,59.15,54.90,49.19,45.81
2019-11-27,36.90,35.32,32.84,30.23,31.65,34.80,45.20,52.43,56.30,50.64,50.00,48.33,46.31,47.49,49.96,51.16,59.52,64.01,59.46,58.03,54.67,50.43,46.81,36.99
2019-11-28,40.43,34.00,33.39,29.55,30.00,40.00,50.00,57.49,60.45,55.74,53.44,52.32,50.40,51.12,55.19,59.25,67.63,75.08,71.62,65.38,58.84,51.14,47.56,43.80
2019-11-29,40.12,35.89,32.80,29.82,32.89,38.70,47.10,53.78,54.27,53.63,50.76,50.32,48.93,48.52,51.70,54.70,61.48,67.21,62.88,59.27,54.18,52.07,48.00,45.15
2019-11-30,43.59,38.05,36.22,35.39,35.39,36.03,45.83,52.50,57.00,51.73,50.00,46.73,45.00,44.00,45.47,53.91,60.85,67.65,66.73,67.93,64.78,59.67,55.01,48.06
2019-12-01,47.86,44.52,41.42,38.67,38.23,39.48,43.15,43.77,45.37,46.44,46.44,48.00,48.15,45.76,45.84,45.46,48.34,55.12,56.20,56.42,55.14,53.84,46.48,43.18
2019-12-02,42.70,37.22,35.40,34.46,35.40,39.15,49.23,56.77,60.01,60.51,59.38,56.12,53.45,52.14,54.00,58.03,60.81,70.85,66.90,63.95,59.06,52.79,49.77,47.43
2019-12-03,45.07,43.14,40.45,39.68,39.80,43.42,55.07,67.28,74.98,71.00,60.67,59.41,56.21,55.28,57.03,58.35,62.00,73.26,66.44,63.65,59.57,55.16,50.66,46.91
2019-12-04,48.01,44.66,43.14,40.80,39.83,43.67,52.14,59.59,71.68,66.91,57.15,56.28,52.25,52.33,54.23,57.64,62.54,74.95,74.82,64.48,59.79,54.11,51.46,48.50
2019-12-05,49.35,45.16,42.50,39.47,38.93,44.27,52.80,60.67,66.86,60.77,60.28,60.57,58.70,58.00,58.78,60.24,62.07,75.76,80.39,74.39,62.73,55.99,53.90,51.46
2019-12-06,47.78,44.49,42.79,41.76,41.83,44.84,50.00,56.60,60.60,59.49,56.02,53.21,50.99,50.91,52.94,57.10,63.72,68.64,66.53,60.17,58.36,52.45,50.12,48.40
2019-12-07,48.47,46.36,44.04,42.52,43.10,45.00,49.67,49.67,55.58,51.67,50.39,49.71,49.51,48.23,47.27,52.24,54.72,61.09,62.38,63.19,58.13,54.53,52.25,48.33
2019-12-08,46.84,42.72,41.88,40.64,40.33,40.22,41.08,43.10,42.91,44.11,45.94,46.00,45.69,44.66,45.09,49.14,54.00,60.13,62.14,63.88,62.27,57.55,52.33,47.32
2019-12-09,41.61,37.18,32.00,27.86,30.01,38.90,48.69,52.96,54.01,53.98,51.62,49.94,48.75,48.15,49.91,53.05,53.92,59.72,55.73,52.80,52.90,51.61,48.79,42.47
2019-12-10,41.49,38.36,35.94,35.41,35.45,40.00,46.52,55.25,57.88,56.52,52.52,51.48,49.15,48.79,49.72,50.91,57.37,59.05,59.44,59.34,54.34,48.88,46.49,40.11
2019-12-11,41.78,36.45,34.09,32.85,32.87,40.95,48.03,56.23,60.00,56.13,53.60,52.93,49.80,51.65,53.56,56.66,62.28,70.72,64.69,62.64,59.73,54.91,48.50,46.22
2019-12-12,45.93,44.56,43.20,41.83,41.82,43.27,47.58,58.54,62.84,61.52,57.22,55.51,51.56,51.38,54.31,57.63,61.45,68.28,60.77,57.86,53.54,50.55,46.56,44.04
2019-12-13,42.30,39.99,36.88,36.64,35.85,40.65,46.51,50.44,56.00,58.20,55.85,55.56,51.31,51.90,51.63,51.17,55.38,58.61,53.07,50.25,47.18,44.26,43.40,38.85
2019-12-14,39.73,34.96,32.88,31.48,29.04,29.03,37.96,43.67,43.32,44.52,42.08,40.87,40.42,39.07,42.68,45.35,47.20,52.62,52.19,53.06,49.15,46.70,45.10,43.14
2019-12-15,40.25,35.25,30.00,29.52,28.80,28.96,30.00,38.26,40.00,42.05,40.38,40.10,42.06,39.46,41.08,44.56,48.03,51.97,51.78,52.60,51.44,49.50,44.60,40.23
2019-12-16,39.81,35.00,31.30,30.00,30.00,39.80,47.82,51.23,56.17,56.81,52.00,51.42,49.78,50.00,53.30,58.51,59.95,65.00,58.07,54.71,50.00,48.00,45.50,42.00
2019-12-17,39.80,35.00,35.00,31.49,35.00,39.74,45.80,49.00,54.15,50.00,48.89,48.12,46.73,46.60,49.28,53.42,56.50,60.77,56.27,55.10,49.43,46.80,44.91,40.46
2019-12-18,37.07,32.04,29.06,29.13,29.13,36.01,45.00,48.98,51.40,50.80,49.69,48.37,46.63,47.07,48.36,49.00,51.00,56.03,51.00,49.69,45.53,44.16,43.70,36.20
2019-12-19,39.08,38.15,33.15,32.46,33.15,39.07,45.11,52.00,55.60,59.95,55.00,55.60,51.60,50.00,56.00,60.00,61.53,76.09,59.28,54.18,53.45,49.18,45.37,43.64
2019-12-20,35.33,33.71,30.00,30.00,30.00,33.80,43.90,46.00,50.00,49.00,45.11,45.71,42.80,42.24,44.00,44.40,45.42,51.00,45.85,45.42,43.45,42.45,37.54,27.73
2019-12-21,26.09,14.39,9.65,9.65,9.65,12.38,21.26,29.05,33.47,36.03,36.21,36.01,35.30,33.90,36.25,37.34,39.88,45.25,44.82,45.94,39.01,35.15,29.15,23.04
2019-12-22,25.00,10.00,12.20,8.00,6.76,8.00,9.90,20.01,28.07,33.04,34.47,34.89,35.59,35.76,36.33,37.09,39.01,40.00,39.00,39.15,37.29,31.83,28.01,18.67
2019-12-23,8.51,5.10,2.30,1.02,1.00,2.30,24.29,36.41,38.22,38.19,36.80,34.92,33.26,31.55,35.90,38.06,45.00,49.99,45.69,44.40,40.99,36.90,31.96,18.58
2019-12-24,7.00,4.62,2.50,2.00,2.50,3.00,20.00,32.96,34.20,35.00,30.72,30.10,29.92,30.00,34.97,38.01,45.80,48.83,47.86,47.43,45.70,36.53,27.46,20.99
2019-12-25,15.00,10.00,10.00,9.50,10.07,10.00,9.90,17.81,10.00,10.00,17.97,14.61,17.97,12.03,11.59,15.06,31.83,42.78,43.42,44.29,43.36,43.59,38.49,33.46
2019-12-26,34.45,29.00,23.11,21.74,22.22,25.01,25.86,30.00,29.98,34.15,34.95,32.51,33.36,29.92,31.39,36.01,39.45,46.28,49.47,50.77,49.21,45.60,43.01,38.19
2019-12-27,36.87,35.04,35.20,34.87,34.86,36.63,43.11,46.64,47.75,48.90,47.48,46.21,46.34,46.31,47.62,49.73,52.68,60.78,59.78,59.40,56.39,49.07,45.16,36.85
2019-12-28,36.92,34.42,30.00,27.40,27.37,27.40,28.91,35.00,39.00,36.82,35.61,35.05,34.70,32.27,34.58,35.86,40.00,44.00,43.75,44.25,41.00,35.39,34.75,30.17
2019-12-29,30.60,28.10,25.00,20.55,20.00,21.31,22.72,25.10,27.52,30.04,32.52,32.51,32.03,30.61,30.80,32.86,35.64,41.00,43.50,43.98,41.03,35.03,34.30,28.94
2019-12-30,26.06,23.46,22.00,15.07,15.68,21.70,30.00,40.99,43.91,42.42,42.42,40.98,39.38,37.73,40.00,41.23,44.68,48.47,52.44,53.78,48.51,42.94,38.27,37.55
2019-12-31,37.55,34.22,30.95,29.80,28.59,34.67,42.00,46.41,45.88,45.17,43.08,40.57,40.00,40.00,40.84,49.03,52.11,58.26,59.28,56.48,53.24,50.68,48.61,42.30
2020-01-01,41.88,38.64,36.55,32.32,30.85,30.14,30.17,30.00,30.65,30.65,30.27,30.34,30.99,30.04,30.75,32.11,35.98,42.79,45.64,48.63,48.96,43.30,40.66,36.69
2020-01-02,35.40,31.98,30.50,28.79,28.95,31.30,41.00,48.49,48.69,48.63,45.57,45.71,45.16,44.90,47.08,50.08,58.19,61.57,61.89,61.72,58.32,55.33,46.02,42.62
2020-01-03,34.85,33.95,29.03,28.50,29.00,33.69,41.48,49.15,50.85,51.97,44.05,42.95,42.49,42.10,42.80,46.49,55.17,57.45,58.09,56.91,55.24,45.42,43.84,39.04
2020-01-04,39.91,39.60,35.50,34.04,34.58,37.49,41.06,43.99,44.70,44.16,41.06,40.40,40.85,40.00,40.00,42.41,50.22,56.09,58.51,59.77,56.73,53.84,45.53,40.57
2020-01-05,44.00,40.00,39.92,34.58,32.57,29.88,33.30,35.12,36.01,37.06,37.53,38.99,38.15,35.37,34.44,36.10,40.59,44.68,46.16,45.64,42.68,37.57,37.57,35.54
2020-01-06,29.16,29.00,29.08,27.72,27.03,28.98,33.83,43.13,44.52,44.96,44.00,42.46,41.08,40.51,41.22,43.28,43.68,47.90,48.91,52.90,48.05,45.19,42.49,39.08
2020-01-07,39.40,36.70,35.90,36.54,36.68,39.50,47.29,50.00,55.62,55.96,52.50,50.00,48.70,48.70,54.20,62.19,70.13,73.26,76.65,71.60,67.61,59.29,49.85,43.91
2020-01-08,42.16,39.30,37.85,36.65,36.80,42.60,46.00,50.16,50.67,50.47,49.35,47.27,44.89,44.95,47.10,50.40,54.69,61.23,62.76,61.26,54.50,50.70,45.33,43.00
2020-01-09,47.34,48.85,43.95,44.02,44.99,49.66,51.96,61.47,62.79,64.34,58.00,50.00,47.00,47.00,50.00,59.49,70.00,77.94,77.05,67.25,59.31,54.82,48.52,44.80
2020-01-10,44.06,41.58,40.80,41.29,41.04,43.53,45.96,53.97,64.38,64.48,56.22,51.00,50.00,50.00,51.41,54.38,66.52,73.67,68.94,63.72,58.54,52.00,47.87,46.11
2020-01-11,47.68,46.97,41.44,39.38,38.42,39.39,41.56,43.88,46.66,49.75,43.74,42.47,42.21,41.07,41.70,44.53,48.65,55.11,56.21,55.85,51.90,48.21,43.88,39.41
2020-01-12,41.82,38.89,37.04,36.90,34.90,37.06,39.22,40.04,41.22,42.59,42.06,42.59,42.30,41.82,42.28,45.82,48.39,54.67,59.25,62.38,60.77,55.90,49.08,44.46
2020-01-13,42.54,39.06,38.09,37.52,39.44,43.16,50.00,59.05,64.29,63.56,58.00,55.19,50.00,51.71,58.00,60.03,64.41,71.52,72.66,71.85,62.01,57.76,49.42,43.53
2020-01-14,45.52,48.85,45.41,44.86,44.18,45.89,56.29,60.92,64.64,64.46,58.02,53.31,48.47,48.47,54.75,60.95,65.69,77.62,75.93,70.16,59.37,63.08,48.04,44.27
2020-01-15,49.92,49.17,45.85,45.23,45.69,49.40,54.00,58.77,62.86,58.37,53.76,50.02,46.97,46.99,51.06,57.30,64.37,74.78,73.94,65.41,60.14,56.98,49.67,46.16
2020-01-16,43.00,43.10,40.44,39.70,40.31,44.75,50.00,57.71,62.57,61.59,51.14,47.57,44.86,44.56,45.68,51.85,56.30,63.93,63.97,61.28,53.62,51.87,45.88,41.09
2020-01-17,42.73,41.55,40.06,39.27,40.07,42.49,50.00,57.85,65.58,64.57,57.00,48.29,44.61,44.38,46.43,52.77,62.69,70.39,69.10,66.47,59.00,52.71,44.88,42.45
2020-01-18,44.26,43.53,41.86,40.64,40.00,41.34,45.00,48.65,51.75,53.80,50.00,47.24,43.71,41.94,42.50,43.50,44.00,51.53,54.96,57.03,56.73,51.89,44.91,41.25
2020-01-19,41.52,41.86,39.53,37.15,37.11,37.61,39.69,41.68,46.50,47.45,43.25,41.90,40.82,39.33,40.15,41.26,42.52,50.63,51.92,53.25,50.68,47.53,41.00,37.25
2020-01-20,35.59,34.01,33.08,32.10,31.50,36.46,45.63,52.77,59.32,57.01,50.63,48.17,45.55,45.55,47.57,50.00,50.34,55.91,57.05,54.02,48.68,45.86,44.04,39.70
2020-01-21,39.85,38.00,36.76,36.02,37.19,41.38,44.90,50.91,60.07,58.68,53.63,50.43,47.17,45.63,45.97,47.71,50.00,57.62,62.05,57.60,49.95,46.85,43.40,42.08
2020-01-22,41.30,40.45,40.02,40.00,40.30,42.40,45.99,51.13,60.77,60.89,54.94,53.32,48.46,48.29,50.00,52.40,56.72,64.59,68.34,63.33,56.04,50.91,46.86,42.15
2020-01-23,40.05,39.23,38.34,37.56,38.45,41.97,47.00,59.16,66.41,64.46,55.22,52.84,49.03,48.37,51.20,54.72,55.89,64.88,71.63,64.12,59.66,50.15,46.06,42.74
2020-01-24,41.28,41.16,40.45,39.98,40.43,42.91,46.09,58.29,66.74,65.00,61.12,57.48,53.64,52.18,51.60,53.29,58.00,60.99,65.10,59.97,52.15,46.43,44.59,42.51
2020-01-25,42.00,40.48,39.23,38.38,37.78,39.85,41.65,46.40,50.00,50.00,46.40,44.58,43.67,41.59,41.86,43.66,46.07,53.95,61.11,59.35,55.71,50.60,44.79,40.00
2020-01-26,42.35,41.46,37.75,37.78,36.59,37.35,41.16,42.73,43.05,44.56,44.76,44.30,44.23,43.87,43.84,44.02,45.72,54.92,59.15,59.62,57.70,55.00,46.23,40.93
2020-01-27,39.00,36.86,34.99,34.70,34.99,39.90,45.61,52.32,57.00,55.00,50.00,48.89,45.30,45.30,46.31,50.00,58.00,63.48,66.01,59.43,54.22,50.01,45.64,40.00
2020-01-28,41.07,37.40,34.25,34.06,34.04,38.15,43.56,49.00,53.24,55.83,48.40,45.72,43.38,43.12,44.42,45.62,51.36,56.16,59.12,56.27,49.80,45.97,40.91,36.99
2020-01-29,35.70,31.55,31.00,30.00,30.00,36.40,42.90,50.00,50.97,50.00,45.00,44.69,42.20,41.85,42.90,46.31,50.97,57.86,62.21,60.47,54.05,49.00,42.31,39.67
2020-01-30,39.74,38.85,35.03,33.88,37.00,41.04,48.55,50.00,53.45,49.67,44.86,43.77,42.14,42.10,43.30,45.26,50.99,58.74,57.84,55.70,50.03,47.82,42.50,39.51
2020-01-31,38.64,37.00,33.66,31.89,32.90,38.00,42.35,52.00,52.96,51.27,46.06,43.36,41.12,41.33,43.38,46.64,51.30,56.43,58.67,59.04,50.34,48.08,43.00,38.94
2020-02-01,38.75,37.46,37.17,36.34,36.14,37.16,40.62,44.93,44.88,45.87,41.45,39.00,37.42,36.18,36.46,37.89,39.37,44.53,49.87,50.18,46.84,41.87,39.33,34.20
2020-02-02,36.61,32.55,29.90,28.76,28.76,28.77,34.92,35.00,42.26,43.12,42.44,39.96,39.69,37.56,37.53,41.42,38.75,43.31,51.81,52.33,46.63,45.05,38.69,33.91
2020-02-03,27.99,21.00,20.00,10.51,20.00,29.99,39.45,43.95,44.24,42.75,39.95,39.65,38.07,38.55,39.65,42.00,44.24,47.89,53.65,53.16,47.45,43.68,38.50,36.40
2020-02-04,37.22,35.00,32.41,26.00,24.94,32.00,41.89,46.56,48.58,47.21,42.97,41.56,37.91,37.76,41.55,43.33,44.90,48.58,49.52,48.58,44.00,40.76,36.42,32.40
2020-02-05,29.80,25.00,24.43,23.63,24.83,30.00,38.92,47.88,49.64,48.70,43.47,41.33,38.03,38.29,39.82,43.17,46.32,48.64,51.47,48.64,45.00,42.00,38.23,32.76
2020-02-06,29.06,26.35,23.37,21.53,24.88,29.00,40.70,47.81,51.00,44.39,41.24,38.94,37.42,37.01,39.10,43.11,46.00,52.00,58.31,59.18,53.22,49.55,42.47,38.56
2020-02-07,38.74,38.27,36.65,35.19,36.40,39.77,48.00,59.01,62.25,57.00,45.00,43.99,38.88,38.69,42.00,51.14,55.53,62.02,65.93,65.02,59.19,51.06,43.28,40.78
2020-02-08,38.50,36.82,36.12,35.92,35.46,36.17,38.85,45.58,44.67,42.56,38.78,36.00,33.11,31.76,32.81,37.26,39.20,52.16,55.35,58.07,56.36,51.38,41.19,38.07
2020-02-09,37.09,34.91,34.23,31.42,31.11,32.09,35.48,37.24,36.59,35.23,34.27,34.24,33.00,30.31,31.25,33.91,36.55,43.27,46.08,50.76,52.21,43.74,35.55,33.23
2020-02-10,29.01,28.00,21.00,20.51,20.51,28.50,41.05,47.10,50.01,49.59,46.34,44.34,38.93,36.86,39.72,40.79,41.61,46.20,48.28,48.55,45.87,40.92,36.61,31.91
2020-02-11,29.45,28.00,20.51,20.51,24.03,30.35,40.00,46.64,54.47,48.64,42.31,37.72,34.41,33.38,36.03,40.35,44.90,47.64,53.82,51.27,47.82,42.66,37.57,33.00
2020-02-12,35.30,30.81,30.38,30.61,32.40,36.54,45.00,50.00,60.23,48.13,42.81,39.69,36.55,35.67,37.66,40.52,46.97,55.00,60.23,61.18,51.26,45.29,39.29,37.25
2020-02-13,39.16,38.55,35.15,34.75,35.10,39.07,48.00,57.36,53.48,48.17,40.51,38.13,35.79,34.74,36.54,40.00,44.00,48.49,52.84,51.49,47.65,43.05,38.65,31.57
2020-02-14,34.26,30.00,27.00,25.03,26.20,32.60,40.00,44.86,55.74,49.00,42.45,38.91,35.85,34.80,35.56,36.27,38.28,42.60,46.46,49.00,43.87,39.91,35.96,31.89
2020-02-15,35.49,34.23,33.61,31.31,31.11,33.80,35.71,39.50,40.00,36.54,32.01,27.89,25.57,25.02,27.00,30.90,36.28,42.08,50.82,55.14,51.57,43.30,39.80,35.47
2020-02-16,35.01,32.65,30.00,28.70,27.80,30.35,34.73,38.06,38.84,35.16,31.64,30.00,29.60,26.00,26.27,30.92,36.24,44.97,51.60,55.66,52.30,49.44,41.68,37.03
2020-02-17,32.49,27.60,26.40,25.00,27.80,34.56,41.82,47.83,50.80,46.44,42.86,40.74,39.63,39.00,40.17,42.54,47.00,51.10,55.08,52.17,46.80,43.61,39.14,34.96
2020-02-18,31.33,29.10,28.00,28.00,28.70,35.09,41.65,44.56,46.37,44.54,41.28,38.75,35.41,36.22,36.43,39.53,44.00,48.20,54.79,51.97,46.20,42.80,37.00,35.00
2020-02-19,35.57,34.10,33.82,32.16,33.82,37.31,43.25,46.89,49.20,46.86,41.25,38.56,34.57,34.18,36.82,40.72,42.78,45.00,49.59,49.59,43.48,40.51,36.71,33.33
2020-02-20,34.09,30.00,25.43,25.00,24.95,31.36,40.00,44.00,44.00,38.17,38.04,35.59,31.32,32.11,37.22,39.17,41.17,48.55,60.41,56.92,51.52,47.24,39.17,36.46
2020-02-21,39.43,38.34,37.47,37.51,38.06,42.74,56.09,62.04,57.25,50.00,41.66,39.25,37.26,37.26,38.88,42.10,48.00,58.05,65.27,64.50,52.39,46.08,39.40,37.26
2020-02-22,38.00,35.12,32.86,35.63,35.67,37.55,42.22,43.13,44.37,38.05,35.12,31.86,25.17,24.17,25.17,31.06,36.93,42.00,50.35,53.38,49.07,42.92,39.13,37.04
2020-02-23,36.95,35.58,32.84,33.22,30.15,33.40,35.44,37.29,37.01,32.20,28.98,25.00,23.47,16.96,18.24,25.00,30.34,36.72,42.53,44.15,43.10,40.76,36.16,27.50
2020-02-24,20.01,18.73,18.17,15.02,18.96,26.61,39.80,43.00,44.00,43.84,41.39,40.39,37.52,37.73,38.98,43.84,47.00,55.12,60.24,57.76,48.82,46.91,39.48,35.92
2020-02-25,36.57,32.69,28.00,26.70,28.00,34.48,42.82,44.73,47.70,47.70,43.23,41.14,37.91,37.10,39.65,41.72,45.10,48.41,50.21,49.52,46.49,44.09,37.77,34.00
2020-02-26,28.32,25.20,24.35,23.53,24.08,27.90,39.11,42.00,44.08,40.75,36.81,34.80,31.73,31.35,32.62,35.88,39.88,41.25,46.17,45.88,41.72,38.54,33.59,28.20
2020-02-27,31.55,28.34,26.70,25.10,25.33,29.36,38.94,42.28,43.96,40.76,36.40,36.34,35.11,37.27,42.01,44.06,45.71,51.52,60.01,53.11,47.26,43.09,37.00,33.97
2020-02-28,30.00,27.93,25.73,25.30,25.31,30.58,40.82,51.75,54.42,44.16,38.07,36.83,33.50,32.55,33.39,37.43,43.48,51.85,63.28,62.89,62.03,47.87,41.42,37.49
2020-02-29,36.84,36.06,33.50,34.56,34.55,36.14,38.66,38.00,39.60,37.65,36.66,33.50,30.54,27.03,27.14,30.54,36.00,37.65,42.33,43.08,38.38,36.25,31.39,28.26
2020-03-01,25.80,20.01,19.03,18.95,10.85,18.96,20.01,24.88,24.91,26.39,25.00,24.90,20.00,16.09,14.26,20.00,25.18,33.33,37.72,39.90,38.95,35.97,29.95,24.27
2020-03-02,24.31,23.30,21.71,19.20,19.15,23.53,32.27,38.00,40.77,40.77,39.49,39.00,37.41,37.59,39.36,40.01,42.72,43.55,49.50,48.00,40.95,39.82,35.60,29.95
2020-03-03,26.04,25.04,24.53,24.10,24.45,28.50,39.08,44.00,50.23,46.54,42.37,41.13,37.14,35.08,37.27,42.33,42.54,42.00,55.98,56.90,43.34,39.17,35.03,31.29
2020-03-04,30.10,28.10,27.08,26.90,28.12,34.06,41.01,52.96,60.00,53.50,45.00,41.94,37.90,36.99,39.14,43.82,45.41,48.49,64.70,63.34,48.49,40.87,36.28,32.86
2020-03-05,39.96,38.73,37.18,37.19,38.41,38.00,50.67,53.92,59.30,55.00,50.00,45.00,41.97,41.00,44.50,47.00,48.00,50.67,63.29,62.73,50.36,42.67,34.57,30.00
2020-03-06,24.55,22.96,21.00,19.99,20.22,24.10,36.41,43.24,50.00,47.77,42.59,40.05,35.00,33.56,34.90,38.56,40.82,44.00,51.99,52.57,44.99,41.21,33.52,30.99
2020-03-07,39.68,39.68,37.78,33.28,34.29,37.63,40.00,44.29,42.38,42.40,43.39,40.51,36.01,32.03,32.76,37.00,39.77,41.43,50.65,53.16,49.21,43.92,38.87,32.24
2020-03-08,26.85,20.90,20.00,19.10,18.00,18.10,20.51,10.00,10.70,15.00,14.34,15.00,16.64,10.72,10.61,13.03,24.51,31.70,41.10,46.75,43.23,41.91,34.99,30.41
2020-03-09,31.89,30.72,30.56,29.63,29.90,35.00,40.00,46.99,50.27,48.74,43.65,43.43,40.32,40.35,42.60,45.99,50.00,53.68,63.34,67.02,56.46,45.34,40.14,37.07
2020-03-10,35.62,33.31,30.77,29.71,29.71,32.06,37.61,37.66,41.28,37.69,35.93,34.70,33.81,33.98,34.91,37.66,42.01,46.00,61.23,65.46,59.97,45.34,39.20,36.08
2020-03-11,36.81,35.04,34.27,33.18,33.55,33.50,40.90,44.00,45.00,37.70,36.29,34.87,31.00,30.99,32.89,36.89,41.49,46.00,59.20,63.14,52.00,44.21,36.93,34.60
2020-03-12,35.83,31.50,30.21,30.21,30.00,31.50,40.00,43.94,48.10,42.89,37.57,37.38,34.59,33.89,35.77,37.81,40.86,44.03,59.00,60.91,52.59,44.03,37.14,32.52
2020-03-13,24.28,22.81,21.00,20.50,20.50,24.77,37.25,38.21,38.41,38.10,36.27,35.00,31.44,31.00,32.64,34.25,37.28,38.21,48.11,50.35,46.69,40.72,36.99,35.35
2020-03-14,34.61,32.50,31.43,30.58,30.85,31.15,35.05,36.14,38.91,38.00,38.91,39.28,35.87,34.61,35.27,37.00,37.40,38.77,42.90,47.00,43.14,38.56,32.33,29.54
2020-03-15,20.01,19.95,10.01,10.00,9.11,16.01,16.01,12.09,10.00,11.67,15.00,18.00,19.95,10.00,12.64,16.01,29.95,31.97,39.84,41.39,36.63,31.53,30.18,28.57
2020-03-16,21.23,20.23,20.17,20.00,19.92,22.40,36.38,38.34,37.83,34.00,28.93,27.90,24.83,25.00,28.80,34.23,37.97,41.52,52.33,61.79,47.12,41.52,37.99,34.00
2020-03-17,30.00,23.50,23.06,22.71,23.00,25.00,34.86,41.00,37.40,34.41,29.32,28.48,25.59,25.00,26.76,34.00,37.41,45.21,51.39,56.29,48.36,41.90,33.93,32.07
2020-03-18,27.72,24.72,21.01,23.50,22.90,28.46,35.00,35.16,30.00,25.98,23.50,22.40,20.34,20.74,21.80,24.76,29.17,34.65,42.75,44.92,45.43,36.37,33.75,29.43
2020-03-19,26.67,24.00,22.99,22.16,22.26,26.00,30.25,33.98,32.06,28.75,25.04,24.93,22.83,22.99,24.92,27.90,32.00,38.16,42.89,55.61,49.63,41.65,36.94,28.94
2020-03-20,26.20,25.31,22.19,22.60,25.00,26.45,30.00,33.29,32.82,28.00,25.99,25.00,22.85,21.59,25.00,26.77,27.99,33.51,46.17,53.61,46.17,43.13,32.36,27.03
2020-03-21,32.42,28.12,27.76,25.82,25.57,27.13,24.22,28.28,27.58,26.23,20.79,16.27,16.00,11.07,16.00,20.00,22.68,33.03,37.11,46.29,41.65,33.13,25.75,23.48
2020-03-22,28.43,23.62,22.45,22.89,20.00,20.00,18.00,15.00,20.00,20.00,25.00,29.44,33.14,29.09,28.80,25.00,20.50,25.05,28.89,33.00,33.00,30.00,25.16,18.00
2020-03-23,12.76,10.00,10.17,9.28,9.28,12.76,20.00,22.43,20.08,15.84,10.66,10.47,10.00,10.00,10.00,12.01,17.40,25.15,29.89,33.14,29.64,26.00,21.84,18.57
2020-03-24,24.55,20.00,20.00,16.81,20.00,22.00,25.00,26.08,25.00,24.00,20.00,19.00,16.28,15.00,18.21,24.00,32.15,37.93,42.68,50.90,50.60,39.53,36.11,29.10
2020-03-25,20.20,19.21,19.50,19.33,19.26,21.51,25.84,29.15,27.64,28.68,25.50,25.50,20.00,20.00,25.00,25.54,28.84,29.15,34.88,40.50,32.11,29.15,24.02,21.18
2020-03-26,19.68,18.39,19.10,18.39,18.32,19.80,22.20,25.53,25.50,25.50,25.00,25.50,25.00,22.01,25.00,25.50,25.00,27.29,29.99,34.40,30.09,27.90,25.50,23.94
2020-03-27,21.26,19.00,18.54,18.25,18.50,20.60,25.50,28.19,30.00,29.60,28.02,28.00,29.29,30.08,31.23,34.00,33.90,35.00,42.41,52.09,43.93,40.00,32.54,29.00
2020-03-28,30.00,27.24,25.00,25.00,25.00,27.65,31.18,30.00,28.44,28.00,30.00,30.03,30.00,26.33,26.43,27.78,27.79,32.44,41.98,51.18,48.19,38.91,31.88,30.28
2020-03-29,33.00,27.68,26.74,25.80,25.50,27.12,27.31,27.74,27.68,27.10,25.50,25.00,23.43,18.95,17.00,20.00,24.90,27.71,33.53,44.64,44.64,39.96,38.00,31.75
2020-03-30,32.62,26.64,25.72,25.50,25.50,26.65,34.00,38.00,41.05,40.00,37.53,38.00,35.61,35.29,35.53,35.53,33.83,33.15,35.29,47.57,44.37,38.14,31.98,26.99
2020-03-31,23.39,19.69,19.91,19.59,19.01,21.96,25.50,26.78,26.83,25.75,24.23,25.01,23.00,20.50,21.97,21.99,24.95,25.00,29.97,40.00,33.64,27.60,26.61,24.10
2020-04-01,24.48,20.60,19.67,19.25,19.31,20.76,25.71,30.05,31.25,28.94,24.09,22.58,21.69,19.06,17.67,19.00,21.25,22.01,26.90,40.00,40.71,37.00,30.85,26.35
2020-04-02,25.30,22.93,21.80,20.96,20.80,25.00,28.28,33.26,33.28,27.88,25.89,25.50,25.50,25.00,25.30,25.00,25.65,29.09,33.36,45.63,47.82,40.37,32.92,28.18
2020-04-03,31.66,29.39,24.10,23.85,22.05,26.75,32.72,35.27,33.49,28.00,26.03,25.00,21.40,19.40,19.50,21.45,21.40,25.50,28.05,41.49,44.00,32.62,29.15,28.00
2020-04-04,25.10,22.99,21.10,20.10,19.80,22.15,24.12,24.57,21.97,19.00,14.98,11.55,11.34,9.00,9.01,9.87,9.88,14.90,22.72,30.10,30.50,25.33,24.17,17.62
2020-04-05,25.00,15.00,10.10,10.00,10.00,17.04,19.00,10.95,10.00,9.75,8.00,7.00,7.00,3.00,0.00,2.00,5.00,12.32,28.84,45.00,50.00,46.39,40.00,29.00
2020-04-06,22.20,21.38,20.00,20.00,22.13,24.74,30.90,34.99,37.15,31.02,27.00,25.81,19.78,17.05,19.78,24.00,27.03,30.79,34.64,45.56,47.04,44.19,35.37,29.29
2020-04-07,31.55,28.15,25.70,25.31,24.15,26.70,34.90,37.74,32.89,29.50,26.33,25.00,20.00,19.00,19.35,23.81,25.81,30.87,35.10,46.59,55.16,45.07,37.26,32.96
2020-04-08,29.28,26.14,24.07,23.66,23.00,27.71,33.32,34.50,33.54,28.87,24.68,21.69,19.08,17.17,17.57,19.54,23.00,27.28,30.89,42.20,46.13,38.18,32.10,27.34
2020-04-09,26.20,21.31,21.08,20.90,20.51,22.92,28.07,31.68,29.53,27.40,25.15,21.55,19.42,15.15,18.01,18.77,22.22,25.33,29.89,40.55,47.21,34.80,30.00,25.15
2020-04-10,25.11,20.22,19.80,19.18,19.00,21.64,27.06,28.57,28.00,25.00,20.00,16.68,13.90,10.55,10.00,13.40,15.00,23.11,26.09,34.74,39.54,32.19,28.72,25.18
2020-04-11,25.00,23.00,26.00,23.63,24.31,25.19,25.77,25.16,25.04,20.82,19.52,15.00,12.33,9.90,8.29,10.00,15.00,20.00,29.11,38.00,42.83,37.89,31.41,28.32
2020-04-12,25.60,22.94,21.07,19.89,19.00,19.87,19.00,16.00,14.06,9.99,5.18,4.93,4.98,0.10,0.00,0.17,3.00,6.99,19.87,28.80,36.29,30.08,27.53,25.00
2020-04-13,24.93,19.87,19.00,19.00,14.99,19.87,16.00,12.00,10.00,10.00,5.02,3.49,0.51,0.00,0.00,0.00,3.00,10.00,15.20,26.22,33.00,28.27,24.99,19.87
2020-04-14,25.27,19.33,18.01,17.59,17.59,18.90,25.24,28.50,31.70,31.50,28.08,27.44,26.15,24.00,24.00,26.10,26.10,26.40,26.23,32.27,38.15,28.99,25.92,21.30
2020-04-15,19.87,17.08,16.01,14.89,11.94,15.00,20.34,26.00,21.00,17.00,12.37,12.29,11.17,8.00,8.00,9.85,12.13,20.00,27.00,37.63,43.67,37.46,30.76,26.02
2020-04-16,20.81,20.00,18.94,18.00,17.70,18.96,24.97,26.36,25.80,25.00,21.50,19.49,16.00,12.00,15.10,18.00,20.00,24.99,25.70,35.29,41.05,33.74,27.81,23.71
2020-04-17,32.64,30.39,26.90,26.90,26.85,28.38,35.22,39.01,38.92,33.57,29.85,26.60,25.77,25.20,25.00,25.28,25.71,27.10,29.85,37.79,42.63,34.00,27.94,26.00
2020-04-18,37.35,33.67,31.01,29.72,32.90,37.57,37.57,35.85,34.00,28.00,26.29,24.99,19.34,14.12,12.32,16.22,21.07,26.55,31.85,39.10,42.77,35.75,29.33,26.00
2020-04-19,30.45,26.01,25.00,22.41,21.04,26.81,26.20,24.58,26.03,25.00,20.97,17.79,16.00,10.00,5.01,8.20,13.90,20.29,30.00,35.74,46.49,40.00,35.74,29.52
2020-04-20,27.93,25.00,22.00,20.55,22.00,22.99,26.15,29.00,36.90,38.00,40.53,41.18,38.19,35.02,36.16,36.89,36.21,31.00,26.44,33.00,36.90,33.70,26.22,20.58
2020-04-21,20.22,14.79,14.78,14.77,14.77,16.30,22.89,29.79,32.15,34.08,34.52,31.08,30.71,28.15,28.15,28.19,28.70,28.70,30.71,40.17,43.83,38.19,32.75,26.15
2020-04-22,30.16,26.38,22.56,20.00,19.64,26.30,30.83,37.95,36.00,38.75,38.75,37.80,33.54,32.02,32.37,32.71,34.07,33.10,33.04,39.38,42.87,34.77,31.10,29.00
2020-04-23,25.65,19.68,18.30,18.30,18.50,20.72,25.59,29.55,29.91,28.22,27.05,25.33,23.14,20.92,23.00,23.13,25.57,26.04,29.63,38.14,42.62,36.57,30.90,27.65
2020-04-24,30.56,27.13,24.98,23.93,23.20,28.92,33.44,34.21,36.00,31.63,27.06,23.94,22.50,20.00,20.50,22.50,23.82,24.91,28.68,36.00,39.78,32.09,26.52,25.51
2020-04-25,25.95,20.39,18.51,17.49,14.48,14.03,14.00,14.00,10.00,10.00,6.00,4.99,4.90,2.49,0.11,0.99,4.90,8.00,16.21,25.50,30.72,29.17,25.40,22.00
2020-04-26,27.04,20.00,20.00,20.00,20.93,20.92,20.00,23.37,21.42,20.00,17.12,16.00,15.35,11.90,10.00,10.00,18.06,20.10,26.60,30.00,36.98,38.19,31.00,28.56
2020-04-27,29.35,25.33,25.11,25.03,24.80,25.25,29.72,36.00,40.71,37.50,32.13,30.30,29.97,29.53,30.00,30.00,30.30,29.83,31.03,39.31,41.92,39.45,30.97,25.42
2020-04-28,30.52,23.71,22.31,20.16,20.61,21.94,26.50,29.00,31.57,29.92,27.95,25.61,24.39,23.35,24.08,25.29,24.11,25.26,28.23,30.00,33.51,30.68,24.59,21.03
2020-04-29,19.04,15.90,15.90,15.90,15.80,19.66,23.22,25.20,25.54,23.37,20.09,17.91,17.17,14.52,14.39,16.15,16.67,19.50,23.74,27.31,33.96,29.44,24.87,20.96
2020-04-30,17.55,15.57,13.82,13.64,13.84,17.40,21.35,25.00,27.64,27.52,30.83,30.79,28.65,26.49,27.55,28.25,29.18,26.79,26.60,31.00,37.04,29.80,22.87,19.50
2020-05-01,19.00,18.99,15.64,14.00,10.00,8.00,6.00,6.00,6.01,5.00,5.00,3.84,4.81,1.94,1.64,0.98,4.72,7.65,11.00,20.00,25.59,25.00,19.00,16.00
2020-05-02,12.20,10.00,10.00,8.00,8.00,8.00,8.00,10.00,10.30,10.46,10.33,9.66,9.65,7.10,5.46,5.07,9.66,16.51,25.56,33.00,34.94,33.00,25.00,23.49
2020-05-03,22.18,15.78,14.47,14.47,13.50,13.58,13.56,10.55,9.60,9.04,9.35,9.64,9.65,5.79,4.83,4.73,6.88,9.84,18.00,26.41,32.00,29.01,24.98,21.00
2020-05-04,22.85,22.00,21.86,20.70,20.14,22.99,30.96,36.74,39.17,36.72,29.23,25.24,22.26,22.12,24.13,26.11,25.53,29.12,34.34,43.21,45.64,44.28,36.48,27.55
2020-05-05,26.77,23.08,21.89,20.00,19.50,20.08,26.41,31.56,31.79,27.90,25.00,24.14,19.99,19.10,19.89,20.75,22.23,24.66,28.81,32.16,35.20,32.82,28.58,25.00
2020-05-06,23.47,20.57,20.00,19.50,19.70,21.11,24.95,30.61,31.52,31.52,29.00,28.76,25.00,24.61,23.74,24.08,23.87,25.00,28.00,33.00,36.25,31.46,26.00,22.14
2020-05-07,22.58,20.00,19.50,19.00,19.50,19.85,23.01,24.94,24.28,22.24,18.44,17.64,17.39,16.65,16.72,17.01,17.86,20.39,25.27,30.00,35.31,32.39,27.61,25.80
2020-05-08,23.18,20.39,19.21,18.84,18.01,19.31,23.55,25.56,26.44,23.86,20.35,19.03,17.81,16.16,16.63,18.55,19.93,24.50,26.00,30.23,34.74,30.50,26.40,24.90
2020-05-09,27.25,28.24,27.02,26.31,25.63,26.91,25.02,32.94,32.38,28.39,23.95,22.43,20.50,16.77,16.02,16.00,19.11,24.54,28.38,34.76,35.27,32.23,26.48,23.29
2020-05-10,24.73,26.25,23.47,20.43,17.50,17.50,16.86,19.29,21.00,22.02,22.46,22.21,22.00,16.00,10.00,10.00,15.00,18.91,24.00,26.00,28.08,25.04,21.14,16.52
2020-05-11,22.35,18.00,17.00,17.34,18.00,22.04,27.58,34.00,35.85,31.24,27.69,27.34,23.99,22.51,21.46,21.74,22.18,21.69,19.80,24.91,28.48,26.21,21.85,20.01
2020-05-12,21.40,18.93,18.06,17.05,17.00,19.00,23.14,30.67,29.98,24.56,22.03,20.50,18.64,16.81,16.00,16.18,18.30,21.53,25.28,31.82,34.46,30.86,27.07,23.60
2020-05-13,28.26,25.71,24.89,25.01,22.99,24.85,28.20,36.77,39.85,34.00,32.20,32.38,30.29,28.35,27.58,27.82,29.17,29.66,25.72,29.99,31.46,28.20,23.91,20.06
2020-05-14,18.15,17.91,16.75,16.96,17.07,18.17,23.33,28.70,29.30,27.44,24.95,23.00,20.75,18.41,17.65,18.28,20.06,23.42,26.90,28.45,29.79,27.24,25.20,21.89
2020-05-15,19.05,17.53,16.22,15.15,15.14,15.15,18.40,22.65,25.15,23.00,22.65,21.60,19.96,18.63,18.45,18.46,21.20,21.47,24.02,28.90,33.05,32.10,25.54,21.61
2020-05-16,23.98,19.88,17.29,16.50,20.56,21.70,19.15,19.71,21.93,22.06,22.09,21.09,16.96,14.17,13.78,14.18,15.63,19.15,21.43,29.73,30.45,29.58,24.13,22.16
2020-05-17,22.31,19.11,18.04,15.58,15.00,16.00,15.00,15.00,16.00,15.03,15.00,15.00,13.81,8.00,6.95,8.00,10.37,15.96,23.63,28.83,33.34,31.83,30.01,25.61
2020-05-18,26.77,23.03,21.86,18.40,17.45,18.49,26.52,33.72,38.93,32.52,26.00,23.38,21.00,20.00,21.07,24.89,24.89,25.04,27.50,27.20,31.64,27.44,25.13,21.04
2020-05-19,25.82,22.99,23.79,21.30,21.03,24.48,25.84,31.10,32.44,29.79,31.03,29.10,25.70,23.38,24.31,27.00,28.00,29.13,32.20,33.91,36.49,34.40,28.93,23.93
2020-05-20,21.24,17.34,18.20,16.00,17.38,18.07,22.74,28.82,30.27,29.00,28.00,26.33,26.00,24.92,25.14,23.60,23.40,24.73,26.00,27.15,28.89,28.81,24.16,22.94
2020-05-21,20.50,19.97,17.29,16.00,14.01,15.20,15.60,19.77,19.56,18.00,14.82,14.92,14.87,12.88,11.64,13.19,14.80,17.49,20.69,24.51,24.79,24.23,24.12,22.78
2020-05-22,20.00,17.03,15.50,14.02,14.15,15.75,20.83,21.94,21.92,21.05,16.31,16.97,15.20,13.74,15.08,16.36,18.17,22.07,23.00,30.85,34.87,32.22,29.46,25.17
2020-05-23,24.26,23.02,22.63,19.17,20.41,18.64,18.36,20.41,19.59,19.07,18.00,16.44,16.00,9.99,9.01,9.99,15.46,18.00,20.02,24.67,31.24,25.54,18.54,16.00
2020-05-24,17.06,15.00,7.99,6.00,14.79,15.00,8.00,6.00,6.00,5.00,8.00,8.00,5.10,2.99,1.00,2.00,4.90,8.00,18.00,21.74,29.54,29.87,25.83,19.65
2020-05-25,16.92,12.67,9.42,8.58,8.49,9.99,16.02,20.65,22.06,20.57,19.50,18.63,17.50,15.47,14.80,15.00,16.00,18.90,20.15,24.72,30.61,26.51,24.63,21.04
2020-05-26,27.99,27.44,26.23,25.07,21.81,21.85,30.29,31.88,32.46,27.10,24.84,24.98,18.22,17.16,17.76,18.91,19.63,19.68,23.90,28.96,31.80,30.00,24.70,22.00
2020-05-27,21.98,21.09,20.79,20.00,20.40,20.74,22.14,24.50,26.30,20.54,18.53,18.81,17.69,15.97,15.58,16.28,18.22,19.95,24.00,28.50,30.65,30.20,24.99,21.98
2020-05-28,18.90,16.31,16.20,15.92,16.16,17.60,20.20,22.02,24.00,20.70,15.90,15.58,14.81,14.35,15.38,15.02,16.94,19.00,25.00,30.80,39.10,33.01,28.03,24.02
2020-05-29,28.96,27.55,27.06,27.24,26.56,26.13,30.74,35.78,35.07,37.75,30.00,28.71,23.83,23.66,23.69,24.31,24.19,25.87,27.14,33.97,34.94,32.94,31.28,25.75
2020-05-30,22.20,18.93,16.43,16.37,16.71,16.30,16.10,24.36,25.41,24.91,24.92,23.09,22.00,20.00,19.00,19.30,22.00,24.73,25.91,39.88,41.35,40.01,32.35,26.10
2020-05-31,32.00,25.80,23.62,22.21,21.47,20.90,19.19,21.79,20.01,19.00,18.00,18.12,17.36,14.00,10.00,13.00,14.00,18.10,21.67,27.68,33.76,39.42,30.07,25.68
2020-06-01,23.25,17.27,15.17,14.15,15.00,17.48,22.00,22.00,21.36,19.66,17.48,16.57,14.88,13.59,13.95,15.66,17.55,19.00,18.94,25.02,29.88,30.12,24.00,20.90
2020-06-02,21.50,19.70,19.85,19.47,19.00,19.96,19.71,19.84,19.90,18.62,17.09,16.11,16.00,15.00,15.36,16.32,17.50,20.28,24.07,25.36,29.32,31.20,28.39,25.92
2020-06-03,25.54,28.01,22.72,20.96,20.24,20.19,29.53,31.89,35.77,31.07,28.01,27.27,26.53,24.69,25.00,25.44,25.18,25.53,26.94,30.17,33.97,27.73,25.72,23.47
2020-06-04,24.07,22.11,21.75,20.23,20.36,23.00,25.36,28.50,31.06,32.43,29.83,29.19,27.41,25.01,23.36,23.43,23.52,24.38,24.00,25.10,25.00,24.07,22.69,20.03
2020-06-05,17.11,16.57,16.82,15.99,15.61,16.38,23.76,25.89,29.40,28.42,26.44,25.31,24.78,23.36,22.44,22.44,22.99,24.95,27.13,31.94,32.84,31.49,26.15,19.80
2020-06-06,15.98,15.76,15.01,14.04,12.91,14.01,14.50,13.35,15.74,14.65,14.53,13.91,14.54,12.60,12.12,12.94,15.51,15.75,19.28,21.28,27.15,23.82,24.10,20.50
2020-06-07,29.27,22.02,21.66,21.30,21.81,21.01,17.56,18.00,16.00,16.00,15.70,16.06,16.94,13.35,10.67,10.55,14.05,18.17,21.06,22.41,29.03,34.54,33.19,28.07
2020-06-08,30.36,22.70,22.01,21.36,21.08,23.03,28.00,35.46,38.19,38.06,36.62,35.00,35.03,31.93,29.68,32.60,31.71,30.00,33.05,37.55,38.16,36.19,32.09,30.00
2020-06-09,32.83,25.79,24.08,23.67,23.48,24.70,30.00,33.95,35.00,35.00,30.84,30.00,29.65,27.76,28.16,27.55,26.08,27.28,33.00,40.59,39.19,38.49,32.83,29.06
2020-06-10,26.09,24.20,22.61,21.49,21.36,22.07,27.67,32.02,34.32,31.89,29.62,28.89,26.61,25.42,25.05,24.27,23.89,28.83,32.11,36.37,34.72,33.28,31.51,24.84
2020-06-11,26.06,22.75,21.07,19.43,18.96,18.96,21.56,26.06,30.00,28.96,26.06,25.51,23.89,21.99,22.49,23.24,24.70,25.00,26.08,33.03,33.98,30.61,28.58,25.28
2020-06-12,24.06,25.78,24.27,23.95,20.11,21.07,25.94,29.08,31.28,28.54,27.33,25.72,21.96,20.16,20.19,20.64,23.62,22.43,30.11,33.78,34.44,33.44,32.23,25.88
2020-06-13,28.40,25.83,23.72,26.24,26.35,26.26,25.58,26.72,22.70,26.16,20.25,19.18,18.98,16.73,16.30,15.84,17.50,19.95,24.93,27.59,28.35,25.89,27.26,23.06
2020-06-14,28.94,25.40,22.36,22.06,21.56,19.21,17.97,18.00,18.32,18.54,18.83,20.13,17.62,15.75,13.37,13.01,14.32,17.12,20.65,23.80,26.14,25.97,27.36,21.08
2020-06-15,23.07,20.65,19.06,18.40,18.47,21.36,29.93,35.28,36.05,35.06,33.20,33.12,33.19,32.29,31.09,30.23,29.75,32.14,37.51,43.52,44.27,40.19,40.43,31.92
2020-06-16,29.98,26.65,25.17,24.79,24.34,25.10,29.70,34.38,35.21,35.02,32.40,32.30,29.48,29.24,29.73,29.52,29.26,30.61,35.00,42.11,39.08,35.43,34.80,31.68
2020-06-17,32.05,30.38,28.10,26.92,26.53,28.51,31.00,36.66,37.88,40.21,32.84,31.60,27.77,26.63,29.68,29.55,30.21,30.02,31.07,37.38,36.66,34.42,32.00,30.00
2020-06-18,27.74,25.26,23.51,22.82,22.92,24.31,28.63,34.32,36.29,35.40,32.28,30.11,27.53,26.39,26.32,28.21,28.05,31.19,35.00,37.54,36.93,36.24,35.07,29.99
2020-06-19,28.10,25.35,24.44,23.55,23.51,24.13,30.06,35.33,37.80,36.08,34.56,33.33,31.22,28.40,27.00,26.52,26.98,28.64,32.61,38.23,38.91,38.40,38.66,31.50
2020-06-20,35.35,34.46,32.47,30.95,30.62,24.26,24.77,25.96,24.53,24.10,22.06,21.50,20.50,17.90,14.90,15.68,18.98,23.67,28.30,31.41,35.72,35.80,34.94,30.20
2020-06-21,30.00,25.07,22.48,20.26,20.56,19.64,18.20,16.90,14.00,13.68,15.60,17.00,14.80,8.00,8.00,8.00,11.65,20.84,24.83,29.00,31.68,35.54,33.09,29.90
2020-06-22,23.61,23.25,22.82,22.10,21.71,23.04,30.69,35.41,38.58,34.50,33.08,31.30,29.45,28.37,27.85,27.33,27.00,30.58,33.40,37.20,38.06,39.17,34.52,31.25
2020-06-23,30.00,27.12,25.88,24.40,24.43,27.04,30.00,32.91,32.94,32.98,30.43,28.46,27.65,26.58,26.33,27.34,28.77,32.11,37.16,43.63,42.78,42.00,39.82,33.82
2020-06-24,34.77,31.37,27.83,26.76,26.86,28.53,31.26,35.00,39.03,37.66,35.00,34.00,33.08,33.02,32.77,32.02,33.98,37.16,41.30,47.63,46.38,44.80,41.07,37.91
2020-06-25,35.12,34.38,33.09,33.98,33.81,34.65,34.49,43.22,42.92,41.87,39.75,37.00,34.93,34.00,37.79,36.00,34.76,38.74,42.82,48.47,46.31,45.01,42.87,34.48
2020-06-26,35.33,32.06,34.08,28.74,28.13,27.31,34.05,39.96,41.08,39.19,37.19,37.00,34.38,33.65,33.00,32.18,33.28,37.64,40.81,48.55,46.88,45.66,44.85,38.65
2020-06-27,39.74,37.65,36.23,35.82,34.78,28.13,25.90,27.72,28.44,28.22,27.01,25.00,23.09,21.56,18.29,17.52,19.00,25.67,31.48,39.40,41.65,40.72,38.14,32.32
2020-06-28,30.09,30.47,36.49,27.62,25.15,25.91,23.00,22.29,22.15,24.00,26.63,27.60,27.60,24.00,23.43,24.00,27.60,28.79,30.00,32.20,36.55,39.95,36.86,32.23
2020-06-29,27.10,31.68,29.43,25.52,21.42,22.59,26.52,35.00,39.04,38.51,35.40,34.03,32.58,29.23,28.43,26.63,26.63,27.58,33.65,39.99,42.43,41.82,37.57,32.73
2020-06-30,36.36,35.51,33.93,33.08,33.08,33.92,37.09,39.31,41.27,40.41,39.84,40.01,39.44,38.00,37.02,37.19,38.00,42.04,42.23,43.97,44.77,42.94,42.24,42.40
2020-07-01,41.07,37.51,36.17,34.81,34.69,35.28,40.30,42.68,46.83,47.42,47.00,47.57,40.15,44.17,45.53,47.20,47.99,52.83,50.61,53.86,53.53,52.96,49.50,47.52
2020-07-02,39.92,34.63,36.94,30.82,29.60,30.86,39.30,45.17,48.91,49.72,45.56,45.36,44.25,41.74,46.49,46.48,48.75,49.11,55.41,59.10,57.40,55.40,51.40,45.99
2020-07-03,43.06,35.19,32.57,31.27,29.90,30.87,38.91,47.10,49.95,43.44,38.95,38.18,37.49,37.87,38.27,38.70,38.79,38.41,42.57,44.46,47.24,44.49,42.68,35.20
2020-07-04,38.02,35.23,33.97,30.68,30.11,29.02,25.06,32.22,36.47,36.50,35.62,32.31,31.32,26.04,20.17,21.78,27.32,34.83,36.50,38.06,38.05,37.49,34.75,29.00
2020-07-05,27.79,25.24,21.79,20.64,23.82,23.86,22.67,19.89,19.11,19.89,19.89,18.70,20.00,18.20,15.00,15.00,19.89,23.45,25.53,27.80,34.26,35.14,33.32,30.47
2020-07-06,26.45,21.35,18.60,18.60,18.01,18.60,25.44,29.82,31.40,33.36,31.29,33.36,35.00,35.00,36.40,36.70,39.46,40.00,40.70,46.57,46.11,44.52,39.68,36.14
2020-07-07,34.48,29.19,27.96,27.30,27.15,27.90,33.83,37.65,37.20,35.91,32.62,32.43,29.39,29.05,31.09,31.77,32.54,35.66,38.54,41.54,42.89,42.44,41.92,38.00
2020-07-08,36.33,31.88,30.41,29.92,29.55,30.30,36.98,43.00,47.00,46.20,44.44,44.71,42.02,41.09,40.20,39.99,41.00,45.05,52.13,55.74,56.92,51.63,46.76,39.95
2020-07-09,39.94,35.41,32.66,30.13,30.00,32.63,38.17,41.70,48.90,46.60,40.49,40.00,38.27,38.60,40.30,39.84,39.90,41.70,46.35,52.69,49.50,48.42,46.56,42.99
2020-07-10,42.25,37.29,33.10,31.10,31.03,32.17,39.52,41.01,42.94,42.54,41.76,41.11,40.87,40.50,40.02,39.27,39.90,41.65,41.30,44.04,43.64,42.38,42.12,38.71
2020-07-11,38.50,35.98,34.16,33.78,29.80,28.97,26.36,30.03,29.09,28.40,28.35,27.64,27.60,26.30,25.56,25.12,25.74,28.47,35.44,37.84,41.32,40.79,39.50,39.25
2020-07-12,34.40,32.69,33.95,28.84,28.54,24.96,23.97,23.54,23.59,23.45,23.36,23.00,23.49,20.70,20.63,20.70,20.70,23.97,29.05,36.69,39.14,39.50,38.94,37.18
2020-07-13,30.09,27.58,25.07,25.07,25.10,26.51,34.64,39.27,38.12,37.68,34.95,33.66,34.28,35.00,35.00,35.79,36.00,37.44,42.14,46.89,47.10,43.59,42.67,36.89
2020-07-14,36.12,30.06,28.98,28.98,28.60,29.76,36.02,40.00,38.93,36.63,36.15,36.52,36.98,36.97,36.57,36.57,37.57,38.69,42.75,46.10,46.60,46.77,42.83,38.72
2020-07-15,37.42,36.19,33.25,31.31,31.15,34.46,40.70,43.46,48.52,43.70,44.43,48.00,43.24,43.00,40.70,39.47,39.40,42.46,44.19,47.30,46.01,42.52,41.62,38.10
2020-07-16,37.50,32.50,29.84,29.00,29.60,32.29,40.00,42.53,45.15,46.82,44.27,48.64,44.50,44.00,43.93,42.48,43.00,42.00,45.35,48.56,46.86,47.85,43.40,41.22
2020-07-17,36.48,31.85,29.51,29.00,28.76,30.43,37.50,41.57,45.22,43.20,41.41,41.38,39.01,37.00,36.91,36.00,37.00,38.00,41.01,42.98,43.66,42.99,42.67,37.01
2020-07-18,36.13,32.99,28.90,28.14,27.71,27.71,27.71,27.86,28.15,27.71,27.37,27.44,28.21,27.67,25.43,26.00,26.00,29.62,35.76,38.83,40.01,39.39,40.67,37.73
2020-07-19,35.17,30.80,27.66,26.48,26.74,26.00,24.94,25.40,24.91,24.93,24.72,25.00,25.30,24.31,19.46,20.89,24.38,26.00,29.80,36.44,39.74,44.25,41.26,38.51
2020-07-20,32.68,29.69,26.40,26.01,26.00,27.10,35.24,38.29,39.73,39.80,37.82,36.36,36.98,36.00,35.64,36.23,38.03,38.20,42.34,44.91,48.15,46.47,43.41,40.35
2020-07-21,37.37,39.33,33.16,30.65,30.35,30.95,36.47,39.46,39.98,39.75,39.16,39.33,39.37,38.06,38.70,37.96,39.74,40.51,42.02,45.24,44.32,43.17,42.37,40.66
2020-07-22,40.33,32.43,31.90,31.32,31.31,31.87,36.28,39.84,42.77,41.53,41.25,41.94,41.75,40.79,41.24,40.37,41.08,41.93,44.43,47.76,46.49,44.43,43.95,42.17
2020-07-23,39.24,35.94,33.19,31.31,29.91,32.10,38.44,43.00,45.19,45.04,45.25,45.50,44.30,45.59,46.09,44.63,43.79,45.22,46.75,47.73,48.21,47.39,44.23,41.29
2020-07-24,38.41,32.27,29.54,28.32,28.32,29.36,32.80,39.43,41.34,42.12,41.37,40.83,40.81,37.30,36.47,35.02,37.15,37.15,37.30,39.69,41.36,40.08,40.14,37.17
2020-07-25,35.14,32.41,28.94,27.54,27.01,27.08,27.30,31.64,30.50,29.20,27.17,25.86,26.02,23.76,22.90,22.85,24.08,27.32,30.73,37.51,39.68,37.97,37.57,32.57
2020-07-26,34.25,31.08,31.15,30.25,29.88,28.82,28.57,28.49,21.27,21.66,21.80,21.38,22.15,14.00,11.49,11.49,21.70,23.33,28.60,32.31,40.08,44.96,46.07,40.46
2020-07-27,37.68,36.22,32.01,30.28,30.05,32.15,37.94,39.65,39.94,39.98,39.79,40.60,40.44,40.00,40.00,40.50,41.00,45.70,45.17,46.63,50.41,47.70,45.06,39.07
2020-07-28,39.78,37.70,33.28,31.70,32.00,32.53,40.00,42.37,42.38,40.70,41.28,40.75,41.98,40.00,40.50,40.70,45.06,46.14,46.72,49.05,53.73,51.16,45.97,42.20
2020-07-29,44.01,41.17,38.36,37.47,36.85,38.14,43.33,55.19,54.77,53.10,51.18,51.63,52.26,52.19,53.34,58.93,62.12,57.59,62.96,64.66,60.81,62.05,57.16,52.36
2020-07-30,45.08,39.53,36.45,35.84,34.31,34.73,40.37,48.98,50.17,50.15,49.40,50.02,49.33,49.19,51.04,50.99,53.09,53.41,63.99,64.72,64.63,61.40,54.22,46.08
2020-07-31,56.48,50.13,44.50,43.85,44.00,45.48,47.24,60.12,63.97,62.29,61.79,61.79,60.79,62.84,67.09,69.06,68.55,66.98,64.90,67.44,62.21,57.17,53.91,48.18
2020-08-01,46.51,41.25,36.37,34.78,34.14,33.15,29.06,30.40,32.34,33.76,32.66,31.92,36.01,33.57,31.14,30.96,33.06,41.11,42.84,47.07,48.00,47.67,44.60,39.34
2020-08-02,40.25,36.89,34.65,34.62,27.41,27.89,25.70,27.40,27.40,27.62,27.63,28.01,28.10,27.40,26.43,27.29,27.87,34.33,39.95,44.34,51.06,52.98,52.99,46.65
2020-08-03,38.80,33.03,32.53,30.38,29.09,30.50,34.31,41.42,42.37,43.88,42.16,42.34,41.57,41.10,43.59,47.06,43.57,44.05,44.22,48.21,46.78,45.55,44.89,39.12
2020-08-04,34.63,30.01,30.80,30.48,28.84,29.21,33.44,41.74,45.40,43.95,41.12,39.85,38.51,38.09,38.17,38.17,36.90,39.86,41.43,44.12,45.40,45.29,42.03,36.77
2020-08-05,36.88,34.86,34.72,34.20,34.18,34.68,36.50,42.11,47.04,46.00,43.67,43.17,42.41,42.21,43.00,43.17,45.02,48.20,45.38,53.21,49.03,46.04,44.70,38.71
2020-08-06,36.99,31.83,30.86,28.00,27.60,28.03,32.00,36.96,38.45,37.55,36.91,36.60,36.01,35.25,36.26,36.01,36.19,39.69,44.62,55.03,51.63,46.80,43.36,38.76
2020-08-07,41.86,35.39,32.71,31.43,31.43,32.71,35.00,39.09,39.25,39.00,35.76,35.40,35.39,34.75,35.11,35.85,36.04,40.11,45.29,52.36,50.86,47.10,45.25,41.84
2020-08-08,39.79,33.62,31.68,29.52,28.94,29.50,29.48,31.70,34.77,35.00,30.36,29.47,28.77,28.15,27.17,27.54,31.03,35.89,39.91,42.32,43.73,42.26,40.39,35.30
2020-08-09,32.94,29.16,28.00,26.17,25.78,25.80,24.70,24.40,25.03,24.37,25.83,24.22,24.77,23.50,22.42,23.44,26.88,29.46,35.00,41.54,42.78,43.65,43.64,41.53
2020-08-10,36.98,37.08,31.85,27.60,27.47,30.71,36.90,39.23,40.35,41.00,40.44,38.57,39.51,38.84,40.56,39.57,40.11,42.46,48.22,56.98,54.63,52.48,49.18,41.77
2020-08-11,40.41,39.85,36.44,35.37,33.14,36.40,36.10,42.32,41.01,38.83,39.12,37.42,38.36,38.14,39.64,40.46,41.10,44.43,49.89,53.37,49.81,47.53,45.72,42.71
2020-08-12,46.61,42.03,40.90,35.17,35.02,35.70,37.90,40.54,42.47,43.15,41.92,42.03,41.98,40.78,40.05,39.00,40.27,43.39,53.38,58.35,52.57,47.95,46.96,42.92
2020-08-13,43.06,41.14,36.59,34.96,36.01,35.98,38.45,40.26,40.27,40.30,39.38,37.49,38.00,37.13,37.67,38.01,40.32,43.55,50.93,55.75,52.64,50.32,45.10,38.89
2020-08-14,40.10,40.37,37.22,34.82,30.07,32.10,34.01,36.16,40.84,42.23,39.59,37.57,37.48,36.00,36.00,37.01,39.51,41.38,42.28,49.10,46.38,45.33,42.34,36.87
2020-08-15,39.82,36.30,32.88,30.31,29.92,30.00,29.00,29.50,30.38,31.39,30.14,29.91,29.53,28.00,27.14,26.07,27.70,29.11,35.94,39.46,44.34,43.97,42.32,37.07
2020-08-16,39.26,37.67,36.62,32.47,30.87,32.98,30.98,28.64,28.51,28.36,28.63,28.00,28.85,27.75,27.40,28.90,32.00,34.78,38.95,41.65,45.84,45.70,43.62,38.35
2020-08-17,33.76,36.85,34.10,30.36,29.82,31.31,35.80,40.64,43.26,45.17,44.23,43.74,41.98,40.79,40.24,41.08,42.93,45.94,52.86,58.06,57.89,53.85,48.21,42.45
2020-08-18,37.20,37.31,34.35,31.56,30.15,33.04,37.14,42.86,46.61,47.25,43.37,42.35,40.35,38.28,38.97,37.59,39.87,44.77,53.79,61.95,65.68,62.77,50.99,44.23
2020-08-19,50.71,44.52,41.24,36.98,36.26,36.69,39.48,43.21,45.99,44.34,38.89,37.47,37.09,35.96,35.68,35.75,37.57,46.06,51.49,63.22,61.96,58.51,58.04,47.00
2020-08-20,47.83,42.54,37.82,35.56,33.83,35.73,37.49,41.58,42.01,42.72,42.14,38.30,39.33,36.93,36.19,38.42,38.96,46.59,54.64,67.69,65.99,61.76,53.16,46.14
2020-08-21,41.39,38.65,37.17,30.47,30.86,30.67,34.86,37.53,40.82,39.96,36.16,35.28,35.80,33.14,32.54,36.22,37.80,40.45,45.84,57.87,58.78,52.38,52.77,42.27
2020-08-22,51.64,48.30,46.73,44.07,40.06,37.13,38.73,37.09,36.44,36.77,34.36,31.66,31.65,31.10,31.10,32.95,35.96,38.94,44.66,50.53,58.43,48.23,42.85,39.99
2020-08-23,33.36,30.42,28.65,27.73,27.99,30.99,30.99,25.70,24.46,22.68,20.98,21.90,22.20,15.00,11.99,10.00,22.15,26.60,30.24,34.90,44.19,42.73,41.60,33.18
2020-08-24,37.45,35.32,29.68,28.31,26.74,29.97,39.79,49.92,53.13,53.84,47.10,48.00,44.01,42.31,42.11,42.21,42.11,50.25,56.86,67.56,71.23,63.13,51.79,45.50
2020-08-25,44.67,41.55,35.55,33.05,32.73,34.70,43.71,45.16,48.09,45.29,43.20,41.69,39.55,36.88,35.27,34.98,35.65,39.00,42.69,44.29,48.13,45.23,44.22,40.04
2020-08-26,46.00,51.13,44.95,37.05,36.98,39.05,45.79,49.70,50.86,48.85,44.63,44.50,42.71,43.31,46.43,45.82,51.85,53.33,58.24,62.71,66.93,59.08,53.77,53.29
2020-08-27,48.54,43.95,41.24,39.11,38.41,40.06,42.93,48.36,53.11,55.61,50.91,50.27,49.99,49.81,47.19,46.71,48.00,59.59,70.86,75.65,75.67,70.07,59.65,48.73
2020-08-28,43.24,41.01,39.88,38.67,36.68,40.00,46.00,50.36,51.01,49.77,48.83,48.36,46.30,45.40,43.30,43.49,46.52,47.02,51.53,57.60,58.22,54.84,48.40,43.55
2020-08-29,44.55,48.11,43.74,37.22,35.80,37.41,37.39,38.43,39.04,40.13,36.84,35.85,37.75,35.24,32.75,32.39,34.71,37.52,45.46,54.03,55.68,49.04,44.58,39.26
2020-08-30,38.20,34.99,32.28,31.34,30.74,30.98,30.59,30.74,31.97,32.25,32.39,32.25,31.38,30.40,29.97,29.23,29.98,32.95,38.20,43.36,49.33,46.30,45.14,39.55
2020-08-31,34.71,31.93,29.12,28.45,29.41,34.39,45.24,60.55,67.25,68.84,66.53,65.41,62.76,60.00,57.48,55.66,59.37,65.49,70.00,75.16,73.47,62.80,52.04,46.52
2020-09-01,39.20,37.91,35.93,34.91,35.89,38.31,48.08,59.00,61.18,56.62,53.38,52.21,48.52,48.02,45.88,45.78,48.05,51.84,60.00,67.20,67.10,58.22,48.48,42.87
2020-09-02,41.82,38.02,36.35,34.72,35.70,38.35,50.13,57.32,68.58,63.64,55.17,50.44,46.21,45.40,45.21,45.26,47.59,53.02,61.12,69.83,67.25,57.28,51.53,45.01
2020-09-03,44.86,41.30,39.13,37.25,36.75,39.14,49.12,55.43,59.06,53.26,48.05,47.74,45.39,44.25,44.21,42.64,43.02,46.11,51.34,61.44,63.83,54.54,49.98,44.34
2020-09-04,43.98,39.06,37.20,38.06,38.06,38.88,42.93,48.07,52.13,50.33,50.49,49.09,42.97,41.95,41.98,40.04,40.46,45.78,49.34,53.82,56.78,52.67,46.45,42.17
2020-09-05,40.01,36.96,35.37,35.05,34.99,35.37,38.01,39.14,38.97,37.55,35.71,34.91,35.60,34.89,33.23,30.50,34.89,37.95,41.55,48.80,50.61,45.62,42.13,38.66
2020-09-06,39.11,39.73,35.89,35.55,35.07,35.85,36.63,34.22,33.43,33.20,32.19,34.27,34.10,30.70,30.28,30.73,32.40,35.96,43.25,49.70,52.77,50.40,45.81,40.07
2020-09-07,40.34,35.50,35.66,35.26,35.50,41.11,46.58,58.39,65.97,56.46,51.95,49.73,47.99,45.10,44.30,47.74,50.22,49.96,55.93,63.79,62.11,53.26,47.27,41.69
2020-09-08,43.48,43.47,39.55,37.71,38.08,40.87,45.02,50.94,51.17,49.81,48.60,49.75,45.15,45.04,47.37,45.57,46.59,49.76,57.25,69.32,67.45,54.29,51.42,45.61
2020-09-09,44.76,39.39,39.58,38.50,38.90,38.35,48.44,54.30,55.92,55.90,52.29,50.83,50.51,50.08,50.16,51.42,53.33,55.04,66.12,65.62,66.23,55.44,54.28,46.14
2020-09-10,44.11,43.29,41.07,40.44,39.00,41.91,48.53,53.05,59.30,63.06,53.57,52.14,48.84,47.25,46.89,47.46,52.03,55.99,66.86,78.10,75.80,59.07,52.05,45.62
2020-09-11,46.57,43.39,40.40,39.98,37.98,41.81,53.57,62.34,69.58,67.46,66.06,60.93,58.76,55.69,57.67,65.77,65.63,64.71,65.06,70.90,69.97,59.21,52.24,48.26
2020-09-12,46.82,42.53,41.07,38.73,38.05,38.21,40.71,40.86,40.70,40.37,40.24,37.35,38.05,37.72,36.72,36.76,38.35,40.69,47.56,52.60,55.75,49.58,44.16,40.08
2020-09-13,40.50,39.53,35.13,34.65,36.65,36.78,36.74,33.31,32.08,31.05,31.15,32.00,33.14,32.26,30.54,30.45,30.92,37.03,41.25,50.88,53.14,50.42,44.54,41.06
2020-09-14,39.80,38.81,32.90,32.35,32.32,37.67,50.00,58.37,63.30,56.70,53.84,51.21,52.09,50.06,55.22,54.19,55.96,68.64,76.63,85.61,85.65,68.75,57.25,50.35
2020-09-15,47.26,43.67,41.89,40.54,40.48,44.07,55.58,75.37,83.80,77.80,70.37,64.42,59.55,65.18,64.50,67.56,70.82,83.99,105.00,162.57,148.18,79.36,66.05,53.60
2020-09-16,52.11,48.51,47.36,44.38,44.33,48.30,61.21,75.08,81.48,74.94,66.30,59.42,55.79,55.71,58.95,55.52,59.30,61.15,70.56,76.63,76.42,58.03,50.47,46.55
2020-09-17,47.72,43.55,41.45,37.86,37.86,38.52,49.08,58.64,62.31,57.22,55.26,52.91,51.01,50.04,51.07,51.15,54.85,57.89,67.53,79.24,66.94,54.95,50.06,44.37
2020-09-18,41.68,37.62,34.93,34.51,34.20,36.90,46.38,54.56,58.23,53.23,48.68,46.95,45.47,43.46,42.49,44.39,47.07,49.23,54.69,59.01,55.29,49.90,45.10,42.84
2020-09-19,41.96,40.37,37.58,35.29,34.72,36.16,38.24,41.78,42.59,43.23,43.16,42.43,41.18,39.22,38.12,37.81,39.34,43.79,50.03,54.59,54.93,47.99,44.27,42.76
2020-09-20,43.77,41.63,40.83,40.11,39.68,39.83,40.13,40.04,38.50,40.12,37.77,40.22,39.66,35.99,36.45,35.71,37.70,41.63,48.70,55.19,55.71,53.65,48.62,44.93
2020-09-21,40.60,38.93,38.92,38.77,38.78,44.62,55.22,73.21,73.87,72.80,66.26,67.47,64.16,57.49,56.59,54.19,57.69,66.20,76.15,85.83,85.86,65.45,59.98,52.21
2020-09-22,49.59,45.38,44.02,42.76,42.73,46.36,54.76,73.55,73.74,70.74,59.72,62.34,55.70,52.89,53.92,54.77,56.71,60.46,72.06,84.92,72.35,58.56,52.99,49.38
2020-09-23,46.11,43.48,42.27,41.26,41.02,44.37,51.99,55.02,60.90,59.56,57.89,58.34,54.64,51.53,51.57,51.50,52.56,55.12,58.99,63.87,57.37,54.68,48.98,43.42
2020-09-24,42.08,40.15,38.19,37.68,37.49,40.66,51.90,53.87,54.73,54.58,51.89,51.70,48.21,49.20,49.58,50.94,52.87,52.20,57.02,70.10,58.34,51.53,46.13,41.94
2020-09-25,42.00,38.17,34.74,35.52,35.30,39.49,44.07,53.82,65.81,67.46,61.16,59.89,50.96,49.08,50.16,53.29,55.18,51.28,53.04,61.83,53.59,48.22,42.08,36.95
2020-09-26,34.01,30.71,27.63,25.12,24.10,27.56,32.13,34.50,37.21,40.21,36.71,34.68,30.86,28.87,26.11,25.37,29.18,34.46,41.25,48.35,43.85,39.40,38.08,36.42
2020-09-27,33.81,29.79,27.98,27.97,27.11,28.22,33.63,32.73,33.62,35.79,34.20,29.95,31.16,27.49,27.25,27.22,31.59,38.05,45.97,52.62,51.04,48.10,44.14,39.89
2020-09-28,34.29,31.90,30.68,29.89,30.04,32.82,49.08,57.21,60.73,58.06,52.74,50.78,47.20,45.41,44.17,46.34,48.45,54.08,59.95,77.86,59.68,54.28,48.55,41.37
2020-09-29,40.29,38.87,36.92,34.79,36.48,39.51,51.58,68.68,73.69,69.09,60.06,57.00,48.73,48.12,52.07,53.00,57.67,63.67,74.33,84.35,73.85,59.19,53.67,47.25
2020-09-30,47.39,44.97,43.23,39.56,39.32,43.14,52.14,63.53,73.38,66.74,56.32,53.91,50.94,48.27,46.01,46.16,50.91,55.78,60.31,73.11,55.82,50.84,44.47,40.31
2020-10-01,38.70,35.40,34.45,33.00,31.10,35.50,45.67,52.35,57.17,54.00,53.18,50.00,45.65,44.36,43.47,43.29,46.00,50.01,53.40,62.73,56.39,48.82,44.30,39.95
2020-10-02,39.20,36.15,35.67,33.60,34.71,37.00,48.00,51.65,54.28,51.98,47.35,45.51,41.16,75.09,34.26,38.94,41.37,42.10,47.07,52.06,43.30,41.37,38.89,36.22
2020-10-03,34.01,31.39,30.00,25.99,20.38,23.54,30.60,32.06,33.77,38.68,39.72,37.41,32.65,24.80,18.63,20.84,28.49,33.27,39.64,49.86,41.33,34.80,33.27,31.25
2020-10-04,27.00,17.75,14.44,7.58,5.32,5.81,19.99,17.56,18.35,19.59,15.44,11.75,9.97,8.00,4.90,4.90,8.00,30.14,40.14,50.07,47.02,35.70,32.55,28.78
2020-10-05,22.04,11.88,6.71,6.23,8.00,20.00,35.07,44.74,50.51,49.31,43.10,39.83,38.06,36.32,39.91,43.10,46.71,49.56,51.75,56.21,54.69,45.95,40.31,34.10
2020-10-06,38.46,33.52,25.29,29.01,29.11,39.41,47.09,48.17,51.32,51.73,45.58,42.90,39.29,35.75,36.41,37.24,41.93,44.76,47.40,55.20,49.66,44.36,37.23,32.90
2020-10-07,35.38,26.79,25.63,18.58,19.01,28.52,38.00,48.74,51.54,49.52,46.75,44.85,39.96,37.36,35.59,36.96,39.90,41.11,48.95,63.75,61.33,46.77,43.39,36.69
2020-10-08,37.30,31.69,28.88,24.11,22.02,26.80,39.16,49.12,50.75,46.94,39.53,34.34,25.01,23.76,24.70,34.06,39.57,44.79,49.45,65.48,54.59,46.38,42.12,39.77
2020-10-09,42.21,40.29,35.78,34.78,34.59,39.35,46.84,53.67,62.62,58.03,51.10,47.90,45.32,43.23,42.14,45.88,49.04,50.59,62.05,63.06,60.22,47.99,42.77,39.98
2020-10-10,42.74,39.47,38.98,36.49,32.20,34.84,38.23,43.74,43.00,49.58,42.09,33.58,32.98,29.49,28.24,28.52,34.84,41.49,49.16,58.09,52.99,40.55,37.41,34.40
2020-10-11,34.18,31.74,31.14,30.61,32.79,29.19,37.78,37.20,37.56,34.00,32.74,33.67,32.81,28.98,26.87,27.21,29.58,33.60,42.95,51.49,46.19,41.44,38.00,33.63
2020-10-12,32.37,35.85,33.22,36.78,36.61,36.31,47.34,54.28,61.44,63.60,57.08,53.15,49.15,46.90,46.13,46.62,46.13,54.00,65.31,78.68,56.46,48.22,44.09,38.42
2020-10-13,39.10,38.44,36.21,35.46,37.00,39.44,46.95,57.80,70.00,61.08,50.94,46.82,43.35,41.34,42.45,43.20,45.60,50.70,56.74,71.40,55.03,47.41,42.88,39.76
2020-10-14,43.21,43.55,42.66,42.21,42.21,44.47,49.59,58.75,72.93,69.62,53.35,49.65,44.02,43.82,45.98,49.74,58.26,61.00,73.74,77.50,64.86,52.00,42.92,41.56
2020-10-15,38.75,35.28,30.36,28.41,30.00,32.30,45.31,50.82,53.43,57.15,52.90,47.69,46.43,43.36,43.42,44.46,47.75,49.18,55.23,63.78,53.80,49.37,46.19,42.55
2020-10-16,39.01,35.91,35.18,34.10,35.16,36.67,47.25,57.29,69.66,64.02,56.04,51.40,47.47,44.85,44.81,45.68,49.85,52.86,57.09,67.63,57.44,53.25,48.86,47.20
2020-10-17,46.15,43.44,40.98,39.82,39.38,40.93,42.36,48.85,51.39,50.55,48.52,44.27,42.73,39.73,37.26,37.92,40.98,48.38,53.69,61.55,56.01,49.23,47.52,46.53
2020-10-18,45.55,41.19,41.83,38.77,35.56,36.91,42.79,43.81,44.59,42.31,41.65,40.28,40.38,37.29,34.75,34.33,39.36,44.72,55.46,61.82,58.82,51.17,49.98,45.82
2020-10-19,43.82,41.11,39.67,39.29,38.01,41.03,51.78,63.28,72.04,65.51,55.01,51.83,47.96,45.84,46.85,47.25,49.37,52.85,64.06,74.61,58.82,52.90,49.03,48.13
2020-10-20,46.05,46.10,44.90,44.94,44.54,45.38,50.88,55.62,61.13,56.70,49.30,48.91,47.25,45.57,46.24,47.63,48.17,51.96,57.46,67.32,55.82,49.44,45.70,43.34
2020-10-21,42.13,40.99,39.60,39.16,38.64,44.37,46.97,55.00,58.88,53.00,48.05,45.29,43.33,42.18,43.47,43.68,45.60,46.95,56.17,62.92,52.30,49.42,45.20,44.00
2020-10-22,42.73,41.42,39.64,36.10,37.14,41.63,50.70,57.78,66.42,55.00,52.43,50.44,49.08,47.50,47.50,49.88,54.28,59.11,67.26,70.09,64.83,55.83,49.05,46.30
2020-10-23,44.28,39.12,38.08,38.50,39.12,39.82,48.00,54.06,58.99,58.89,55.41,51.72,50.56,47.57,47.09,46.66,47.57,50.11,54.71,55.14,52.99,47.91,44.08,39.97
2020-10-24,46.12,43.72,41.44,39.76,38.87,43.36,44.79,49.10,51.89,51.00,49.14,46.32,44.81,42.28,41.84,42.27,44.10,46.33,49.57,55.04,49.36,47.19,44.18,39.59
2020-10-25,35.00,32.30,24.81,24.63,21.88,23.03,33.94,22.64,29.33,28.35,28.87,26.87,31.45,25.91,31.10,32.30,39.25,45.39,48.33,50.23,45.58,43.63,42.33,37.00
2020-10-26,32.44,25.11,22.16,19.50,23.01,26.21,46.61,50.00,50.98,49.06,45.12,38.08,35.86,38.33,45.00,49.67,53.28,53.90,55.13,55.85,50.39,49.46,41.83,39.37
2020-10-27,37.30,31.82,29.80,28.04,28.22,32.04,45.64,50.00,54.18,49.93,48.55,48.53,46.32,46.92,48.79,52.33,63.20,69.27,74.71,70.98,60.95,50.86,47.67,44.96
2020-10-28,45.44,40.23,35.80,30.35,30.01,38.15,49.75,51.00,50.08,49.29,46.38,44.27,43.59,44.67,46.77,49.65,61.91,72.26,76.24,76.40,67.32,54.28,49.66,47.64
2020-10-29,40.25,39.41,38.66,40.64,40.95,40.83,48.10,48.92,50.00,47.71,43.82,42.35,42.35,42.31,44.14,45.47,47.58,54.87,61.12,61.44,50.05,49.23,44.67,43.00
2020-10-30,42.00,38.91,35.97,36.78,36.78,42.00,50.00,51.89,54.42,50.00,45.07,44.34,42.68,43.16,45.35,45.22,50.87,52.26,55.63,59.37,53.36,46.99,43.18,42.62
2020-10-31,45.41,42.48,40.85,37.80,36.87,38.67,42.08,41.87,40.73,40.80,36.60,35.05,31.83,30.00,34.29,39.54,47.22,48.28,50.00,49.76,46.36,39.76,37.34,36.00
2020-11-01,35.82,34.48,30.26,26.05,32.84,32.94,39.47,36.07,40.00,36.88,39.01,37.95,42.00,40.00,41.69,43.33,43.13,46.39,42.37,46.16,41.93,34.90,35.41,26.86
2020-11-02,18.89,20.62,23.16,26.00,32.52,36.21,44.44,45.62,48.43,47.20,44.90,43.78,42.82,42.84,45.78,48.04,55.45,66.63,68.79,66.68,56.31,49.00,45.21,40.85
2020-11-03,35.62,33.22,30.19,28.26,31.10,34.13,45.09,45.27,48.15,47.83,45.01,45.24,42.98,44.00,47.89,49.68,55.36,68.77,63.14,59.75,53.90,50.24,43.68,41.82
2020-11-04,37.07,36.55,34.86,30.57,31.79,36.55,42.09,47.79,51.18,50.74,47.55,46.33,43.87,43.68,46.18,47.95,49.63,58.13,60.63,52.51,49.09,44.70,40.07,39.06
2020-11-05,38.34,33.60,30.58,32.90,30.27,34.43,43.45,48.80,63.13,49.00,43.67,43.00,42.27,41.93,44.17,46.05,48.57,52.85,55.07,52.90,47.94,46.93,39.79,37.19
2020-11-06,34.00,32.13,31.49,30.05,31.06,32.40,43.00,48.02,50.52,47.69,44.54,44.81,42.80,42.80,44.96,45.98,48.89,53.98,52.59,50.26,47.96,46.93,41.50,36.75
2020-11-07,38.15,35.96,34.45,35.63,34.68,35.99,41.89,41.36,44.73,38.48,36.36,35.65,32.86,34.90,37.21,41.69,41.19,46.78,51.52,49.84,46.17,43.15,39.78,36.88
2020-11-08,41.18,42.60,44.09,43.00,37.07,38.05,43.00,38.38,41.35,38.35,38.13,37.15,37.27,35.97,37.20,42.30,50.85,48.98,49.44,49.30,47.68,43.64,40.78,38.27
2020-11-09,35.85,33.30,32.70,31.10,31.00,33.80,44.45,49.76,50.76,48.85,46.51,45.96,45.93,46.39,48.54,53.18,53.41,69.48,62.59,57.29,49.89,45.42,44.11,38.25
2020-11-10,42.97,41.16,40.46,38.96,37.20,40.24,47.72,53.27,55.03,52.98,52.89,51.66,49.66,48.96,50.47,56.73,57.28,77.49,71.50,61.89,52.34,47.87,44.78,38.93
2020-11-11,41.02,39.46,36.83,35.39,35.91,38.88,44.09,52.62,51.98,49.26,46.75,47.48,45.02,45.70,47.19,51.02,60.22,71.46,68.63,57.91,52.30,49.08,44.28,38.88
2020-11-12,45.07,43.77,43.04,42.85,43.04,45.91,69.48,70.00,69.58,61.34,55.00,59.42,48.31,51.17,68.70,69.76,73.77,80.01,74.98,74.33,57.93,51.37,46.40,43.48
2020-11-13,42.56,40.24,38.90,37.20,37.66,43.00,47.02,60.83,61.32,52.80,50.33,48.65,46.53,47.76,51.17,57.99,65.26,74.64,67.63,61.54,57.06,48.81,47.11,42.99
2020-11-14,49.05,44.99,44.28,42.50,39.86,43.43,45.79,45.94,49.84,48.56,48.14,47.51,46.63,45.92,46.35,50.48,55.12,62.87,57.04,57.20,53.61,48.59,45.77,42.23
2020-11-15,43.04,40.40,40.19,42.89,41.52,42.89,43.04,43.22,43.22,46.00,46.00,47.00,46.00,43.58,45.15,48.99,49.26,54.41,52.40,55.41,50.53,44.25,41.89,32.15
2020-11-16,27.87,29.88,34.49,34.49,34.80,39.00,48.66,51.71,56.04,59.85,59.42,59.85,52.52,53.48,68.73,69.52,66.95,70.43,62.16,64.34,56.92,51.79,47.68,43.00
2020-11-17,38.84,38.38,36.68,33.50,35.00,38.99,48.72,54.00,55.37,52.51,47.16,45.70,44.75,44.74,46.00,50.49,53.43,58.10,55.74,53.83,51.45,47.19,45.12,39.93
2020-11-18,35.91,35.00,31.92,30.90,30.00,36.50,45.75,51.79,54.89,49.95,46.05,46.00,45.75,45.81,48.07,52.59,55.63,70.94,71.04,68.51,57.86,51.04,47.32,45.01
2020-11-19,44.00,44.26,38.28,35.48,35.84,41.89,48.00,52.31,53.96,48.41,47.58,45.83,44.82,45.41,46.40,49.80,54.24,59.59,58.26,55.51,52.61,47.42,45.09,39.91
2020-11-20,40.69,38.07,35.21,33.60,34.98,43.00,51.37,56.64,63.17,64.26,59.17,57.88,50.11,50.11,55.13,56.03,59.91,63.51,56.87,51.29,49.43,45.68,42.37,38.05
2020-11-21,35.99,33.48,31.91,30.40,30.49,31.03,36.19,43.20,44.78,44.80,40.51,41.39,41.55,40.39,41.66,43.40,45.43,49.98,53.10,52.04,47.07,44.26,42.15,39.07
2020-11-22,35.44,33.37,33.00,29.75,29.75,31.13,37.57,36.96,38.73,39.98,40.10,40.24,41.32,38.24,40.24,45.77,50.94,55.64,53.22,53.36,49.44,44.90,40.04,40.44
2020-11-23,36.24,36.23,35.22,35.44,34.00,43.10,50.31,63.55,69.25,62.12,53.84,52.98,50.47,50.98,52.03,61.41,72.55,73.93,74.30,73.58,65.10,58.90,51.12,47.30
2020-11-24,50.21,45.36,43.13,40.65,40.41,44.52,51.18,68.37,70.42,65.21,52.99,51.91,50.05,50.98,51.92,61.20,70.00,74.42,74.30,70.57,60.76,51.60,46.57,45.57
2020-11-25,43.90,39.50,36.82,36.50,36.80,42.56,52.75,65.50,70.35,62.33,53.60,53.07,51.85,51.83,56.58,69.94,72.49,75.64,71.07,71.98,61.23,53.31,50.48,47.81
2020-11-26,46.85,42.65,41.12,38.46,42.67,44.69,55.00,67.44,70.68,65.48,59.14,58.27,55.09,56.24,59.36,64.39,73.40,81.65,79.52,75.69,64.87,52.87,49.28,44.99
2020-11-27,47.29,48.03,44.90,44.15,44.21,48.82,71.65,78.66,98.64,85.00,73.56,71.00,68.58,65.30,71.44,83.33,90.18,102.70,101.10,85.89,66.22,60.92,51.17,46.80
2020-11-28,48.75,46.42,43.57,43.42,43.41,45.18,48.29,63.14,70.65,69.19,62.23,55.76,51.97,50.44,51.13,53.53,55.70,72.00,67.48,64.92,53.82,48.63,47.13,46.27
2020-11-29,41.41,38.66,37.03,35.97,36.00,38.04,38.37,40.60,45.77,47.88,48.18,48.96,50.28,48.95,47.97,47.65,49.98,57.28,59.23,60.85,57.14,53.66,50.29,45.17
2020-11-30,46.60,43.04,42.07,38.82,39.09,43.21,57.25,70.80,76.44,65.37,60.31,56.74,53.99,53.68,55.28,61.65,68.59,71.98,71.54,70.92,66.41,58.44,53.70,50.30
2020-12-01,46.73,41.59,40.75,39.76,39.77,43.07,55.95,64.24,70.30,68.36,64.96,63.26,58.21,60.18,64.13,70.24,72.33,78.86,76.30,71.66,66.09,55.62,51.77,48.80
2020-12-02,48.73,46.27,44.71,43.42,44.56,48.90,58.58,82.97,101.83,100.17,95.41,90.70,81.53,79.79,86.56,86.98,100.35,105.38,96.17,77.79,64.80,55.97,52.80,49.05
2020-12-03,47.62,45.30,44.62,43.57,42.90,46.01,54.03,68.00,82.53,80.26,76.69,71.67,65.03,70.86,72.21,83.92,77.79,89.36,78.14,77.95,73.45,61.26,56.29,50.80
2020-12-04,45.82,42.88,41.97,40.88,41.10,45.30,52.49,65.31,82.35,78.02,75.81,67.56,62.56,62.34,65.22,67.58,70.00,74.76,66.79,63.37,59.53,52.28,50.11,47.32
2020-12-05,48.42,46.15,42.20,41.60,38.28,39.26,45.22,48.68,51.18,54.52,54.50,55.17,55.59,53.40,52.00,54.00,60.00,65.83,67.63,62.00,53.80,49.78,48.42,45.97
2020-12-06,41.12,39.22,36.94,35.00,34.28,33.59,34.37,37.92,41.96,46.00,49.48,53.34,53.51,48.40,45.86,48.24,50.54,57.32,60.35,63.92,55.86,51.99,48.42,46.95
2020-12-07,38.81,36.60,36.08,30.35,30.25,36.40,48.85,58.26,63.60,62.28,61.66,62.14,58.59,60.16,63.44,63.96,70.20,76.02,72.18,70.14,63.65,54.75,52.20,45.62
2020-12-08,47.12,43.86,40.00,35.52,35.96,38.06,50.20,58.77,64.77,66.36,65.49,66.31,65.61,65.42,65.40,66.07,69.69,76.05,78.83,73.99,71.13,55.88,53.03,47.68
2020-12-09,43.16,41.37,37.51,34.09,34.31,40.91,52.63,65.29,88.51,98.04,97.78,96.88,93.85,94.02,98.03,96.94,99.00,106.72,99.53,86.39,65.07,54.46,53.57,47.99
2020-12-10,45.82,41.58,39.18,36.81,36.19,42.50,53.80,72.93,92.65,91.13,83.42,81.95,81.32,85.06,81.22,91.18,98.37,102.41,92.15,80.90,63.75,53.21,51.75,48.72
2020-12-11,41.05,41.61,41.03,41.59,41.59,46.13,54.93,60.86,69.39,71.29,65.83,64.82,63.02,64.31,61.00,64.67,66.79,70.71,67.66,63.59,57.60,54.44,52.86,51.32
2020-12-12,52.35,48.30,44.40,43.36,43.31,44.62,52.39,56.13,61.29,55.13,55.20,55.22,55.45,52.89,50.72,52.37,55.20,63.22,61.32,62.81,55.74,51.65,48.75,45.97
2020-12-13,45.24,40.60,37.88,36.85,35.92,35.09,35.88,37.80,41.46,45.16,46.77,48.51,49.26,44.68,43.00,43.74,45.51,51.40,53.00,52.61,50.19,43.69,44.56,39.48
2020-12-14,34.01,32.23,30.43,25.18,25.92,38.20,53.47,61.00,64.65,65.01,58.45,56.11,53.42,54.13,55.86,61.17,68.82,69.85,68.25,64.83,58.73,56.25,53.94,46.34
2020-12-15,41.98,40.70,37.40,34.00,35.28,44.95,54.64,66.27,69.94,65.46,62.65,61.06,60.01,58.15,61.78,65.70,75.16,78.89,74.09,73.61,70.15,56.59,53.37,46.53
2020-12-16,47.27,45.52,43.71,43.71,44.12,52.81,63.76,67.59,80.91,76.36,69.00,65.93,63.20,63.69,72.21,77.87,90.63,92.39,76.64,76.49,68.52,67.95,59.13,54.59
2020-12-17,54.92,53.75,52.00,51.35,52.26,54.60,66.37,79.91,86.80,80.01,73.26,70.15,67.57,67.57,75.26,74.33,83.68,83.91,81.74,81.08,74.01,63.06,61.77,58.49
2020-12-18,52.72,47.93,44.93,44.38,44.74,51.40,65.19,77.66,83.44,81.93,80.65,68.12,65.51,65.09,70.28,75.30,78.29,83.62,74.45,74.39,65.74,59.54,56.43,51.97
2020-12-19,52.56,48.59,47.77,47.82,46.71,49.20,54.41,57.37,62.46,66.09,64.21,63.01,55.05,53.96,56.96,60.13,66.87,71.04,68.12,68.04,59.61,55.06,52.74,47.58
2020-12-20,44.29,41.53,38.00,35.03,35.04,35.51,39.97,41.84,44.16,47.02,48.23,50.89,49.61,46.94,46.64,48.36,52.09,56.81,58.70,59.71,56.32,50.96,47.94,44.55
2020-12-21,41.82,34.80,33.65,32.93,33.65,38.10,55.12,59.53,70.06,71.38,62.67,63.75,62.13,61.59,66.59,70.01,75.80,74.89,67.60,66.52,61.71,57.54,54.97,47.31
2020-12-22,46.72,41.82,40.59,39.83,42.22,47.16,56.36,68.12,67.29,64.84,61.03,59.68,58.28,57.57,59.08,60.72,62.60,66.24,63.83,63.76,61.75,58.72,54.93,49.68
2020-12-23,41.50,37.53,34.05,31.13,34.99,41.66,54.85,58.84,61.73,60.97,58.26,57.72,56.88,56.98,58.31,58.33,58.42,60.58,59.46,58.23,56.36,53.39,45.65,37.09
2020-12-24,39.55,25.20,15.00,18.34,17.61,19.64,37.77,48.49,49.38,48.71,47.78,45.15,43.85,40.77,45.07,46.77,49.45,56.38,53.45,51.56,46.39,38.98,36.62,32.00
2020-12-25,31.82,22.61,16.00,12.57,8.00,8.00,13.50,26.50,26.55,33.10,34.90,36.50,38.11,24.59,30.51,35.11,43.11,46.33,47.77,51.54,49.15,49.68,49.67,44.92
2020-12-26,39.80,30.25,26.71,20.00,17.22,17.42,18.89,24.89,28.90,40.72,41.26,43.51,44.46,39.07,39.00,41.99,45.60,50.69,50.30,50.45,49.24,46.92,43.73,42.60
2020-12-27,35.50,25.43,20.03,15.44,15.00,15.20,23.32,32.00,34.70,38.52,38.52,40.24,40.59,38.08,38.51,40.72,44.00,53.44,54.02,53.59,48.33,42.81,37.89,27.27
2020-12-28,25.60,25.50,17.35,11.24,11.50,20.43,35.10,45.27,49.10,50.52,47.53,48.24,47.32,45.63,48.09,50.60,52.44,56.98,57.61,56.83,50.78,47.12,46.90,42.14
2020-12-29,38.80,39.05,37.87,34.27,34.06,37.26,43.30,50.28,54.24,55.17,53.54,52.43,52.76,50.87,52.29,54.76,58.56,60.76,61.69,62.63,58.35,51.75,47.64,43.89
2020-12-30,43.84,37.92,37.29,34.31,33.50,36.03,43.31,54.38,59.23,61.08,57.91,56.48,54.82,54.82,56.08,58.00,59.84,61.27,61.33,61.20,58.07,54.76,51.13,47.64
2020-12-31,42.11,33.11,30.11,25.12,26.46,32.22,38.32,46.30,50.47,54.01,53.58,52.71,51.38,51.41,53.08,58.10,61.36,64.41,64.20,63.74,60.21,53.69,53.82,54.19
